n_shapefiles,n_files,resource_id,resource_url,dataset_id,file_path
7,42,7c0704e9-7270-4375-8961-63ad3ac2326e,http://unosat-maps.web.cern.ch/unosat-maps/MM/FL20150703MMR/FL20150703MMR_shp.zip,geodata-of-flood-waters-over-western-rakhine-state-myanmar-july-15-2015,data/FL20150703MMR_shp.zip
0,97,b6ee35e1-ad8f-4bb5-8ffa-49dc6722781a,http://unosat-maps.web.cern.ch/unosat-maps/MM/FL20150703MMR/FL20150703MMR.gdb.zip,geodata-of-flood-waters-over-western-rakhine-state-myanmar-july-15-2015,data/FL20150703MMR.gdb.zip
7,42,b6d45fec-74be-44c5-ae1a-1400e211f9b5,http://unosat-maps.web.cern.ch/unosat-maps/MM/FL20150703MMR/FL20150703MMR_shp.zip,geodata-of-flood-waters-over-northwest-rakhine-state-myanmar-july-13-2015,data/FL20150703MMR_shp.zip
0,97,9787f1af-e92e-429b-9634-066d235cae54,http://unosat-maps.web.cern.ch/unosat-maps/MM/FL20150703MMR/FL20150703MMR.gdb.zip,geodata-of-flood-waters-over-northwest-rakhine-state-myanmar-july-13-2015,data/FL20150703MMR.gdb.zip
1,6,8f820f01-0351-49a2-94a0-17598db50081,http://unosat-maps.web.cern.ch/unosat-maps/YE/CE20150402YEM/CE20150402YEM_Taiz_20150626_shp.zip,geodata-of-damage-assessment-of-taiz-city-at-taziah-district-yemen-july-03-2015,data/CE20150402YEM_Taiz_20150626_shp.zip
0,67,d576b292-fe70-468f-a9df-e925db59642b,http://unosat-maps.web.cern.ch/unosat-maps/YE/CE20150402YEM/CE20150402YEM_Taiz_20150626_gdb.zip,geodata-of-damage-assessment-of-taiz-city-at-taziah-district-yemen-july-03-2015,data/CE20150402YEM_Taiz_20150626_gdb.zip
5,30,e769b6c5-0b53-4d66-8a81-b04656c16155,http://cern.ch/unosat-maps/SS/CE20131218SSD/Static_Water_Levels_Kalobeyei_Kenya_shp.zip,geodata-of-elevation-map-of-kalobeyei-turkana-county-kenya-july-01-2015,data/Static_Water_Levels_Kalobeyei_Kenya_shp.zip
0,56,2b82ee85-c3fa-4f33-922d-660c91404279,http://cern.ch/unosat-maps/SS/CE20131218SSD/Static_Water_Levels_Kalobeyei_Kenya_gdb.zip,geodata-of-elevation-map-of-kalobeyei-turkana-county-kenya-july-01-2015,data/Static_Water_Levels_Kalobeyei_Kenya_gdb.zip
1,6,213f59d4-c794-40ce-a005-55426a72487e,http://cern.ch/unosat-maps/SS/CE20131218SSD/CE20131218SSD_Gendrasa_shp.zip,geodata-of-gendrasa-refugee-camp-maban-county-upper-nile-state-south-sudan-july-01-2015,data/CE20131218SSD_Gendrasa_shp.zip
0,68,b3f0f42a-98af-46b7-9605-89630bc1c11c,http://cern.ch/unosat-maps/SS/CE20131218SSD/CE20131218SSD_Gendrasa.gdb.zip,geodata-of-gendrasa-refugee-camp-maban-county-upper-nile-state-south-sudan-july-01-2015,data/CE20131218SSD_Gendrasa.gdb.zip
2,12,fbfe0fc9-718f-43f4-a6cd-22ed1bf5ed47,http://unosat-maps.web.cern.ch/unosat-maps/SS/CE20131218SSD/CE20131218SSD_Kenya_shp.zip,geodata-of-landcover-classification-kalobeyei-turkana-county-kenya-july-01-2015,data/CE20131218SSD_Kenya_shp.zip
0,75,7e414a9c-5fb7-4a74-9610-df5aa088b346,http://unosat-maps.web.cern.ch/unosat-maps/SS/CE20131218SSD/CE20131218SSD_Kenya.gdb.zip,geodata-of-landcover-classification-kalobeyei-turkana-county-kenya-july-01-2015,data/CE20131218SSD_Kenya.gdb.zip
2,12,24d01f60-3e1c-41dd-878c-5d95fb463a95,http://unosat-maps.web.cern.ch/unosat-maps/SS/CE20131218SSD/CE20131218SSD_Kenya_shp.zip,geodata-of-landcover-classification-kalobeyei-and-kakuma-areas-turkana-county-july-01-2015,data/CE20131218SSD_Kenya_shp.zip
0,75,61323a3b-6323-41d5-aee8-edbcf1d9fbfa,http://unosat-maps.web.cern.ch/unosat-maps/SS/CE20131218SSD/CE20131218SSD_Kenya.gdb.zip,geodata-of-landcover-classification-kalobeyei-and-kakuma-areas-turkana-county-july-01-2015,data/CE20131218SSD_Kenya.gdb.zip
2,12,37f6b2fa-fcf2-4790-a47e-3bcd71286da5,http://unosat-maps.web.cern.ch/unosat-maps/SY/CE20130604SYR/CE20130604SYR_Sujjo_shp.zip,geodata-of-sujjo-idp-camp-azaz-district-aleppo-governorate-syria-june-19-2015,data/CE20130604SYR_Sujjo_shp.zip
0,90,507d8a2b-337f-4144-84ed-727500cae2e5,http://unosat-maps.web.cern.ch/unosat-maps/SY/CE20130604SYR/CE20130604SYR_Sujjo.gdb.zip,geodata-of-sujjo-idp-camp-azaz-district-aleppo-governorate-syria-june-19-2015,data/CE20130604SYR_Sujjo.gdb.zip
2,12,132fdf36-4baf-419e-b947-8427db5a0324,http://unosat-maps.web.cern.ch/unosat-maps/SY/CE20130604SYR/CE20130604SYR_Oncunipar_shp.zip,geodata-of-oncunipar-refugee-camp-merkez-district-kilis-province-turkey-june-16-2015,data/CE20130604SYR_Oncunipar_shp.zip
0,88,202507d1-264b-4ec3-b265-27c1d6cbcea3,http://unosat-maps.web.cern.ch/unosat-maps/SY/CE20130604SYR/CE20130604SYR_Oncunipar.gdb.zip,geodata-of-oncunipar-refugee-camp-merkez-district-kilis-province-turkey-june-16-2015,data/CE20130604SYR_Oncunipar.gdb.zip
2,12,fe1b6637-415a-4901-ba17-3d08ddca66a4,http://unosat-maps.web.cern.ch/unosat-maps/SY/CE20130604SYR/CE20130604SYR_BabAlSalame_shp.zip,geodata-of-bab-al-salame-idp-camp-azaz-district-aleppo-governorate-syria-june-12-2015,data/CE20130604SYR_BabAlSalame_shp.zip
0,90,ab4ab38f-85b3-4d1d-a941-69cca9427149,http://unosat-maps.web.cern.ch/unosat-maps/SY/CE20130604SYR/CE20130604SYR_BabAlSalame.gdb.zip,geodata-of-bab-al-salame-idp-camp-azaz-district-aleppo-governorate-syria-june-12-2015,data/CE20130604SYR_BabAlSalame.gdb.zip
3,18,590d907b-f1e1-4201-9775-0eb6ef9b509b,http://cern.ch/unosat-maps/YE/CE20150402YEM/CE20150402YEM_shp.zip,geodata-of-damage-assessment-of-sanaa-international-airport-sanaa-governorate-june-03-2015,data/CE20150402YEM_shp.zip
0,75,4bde926c-d16c-4d47-8b1e-a75119fd3e83,http://cern.ch/unosat-maps/YE/CE20150402YEM/CE20150402YEM_gdb.zip,geodata-of-damage-assessment-of-sanaa-international-airport-sanaa-governorate-june-03-2015,data/CE20150402YEM_gdb.zip
3,18,2b33a72f-578b-4193-9137-7668c239e417,http://cern.ch/unosat-maps/YE/CE20150402YEM/CE20150402YEM_shp.zip,geodata-of-damage-assessment-of-sanaa-city-sanaa-governorate-yemen-june-03-2015,data/CE20150402YEM_shp.zip
0,75,8e02a187-f1cc-407f-8a08-d7406c09db10,http://cern.ch/unosat-maps/YE/CE20150402YEM/CE20150402YEM_gdb.zip,geodata-of-damage-assessment-of-sanaa-city-sanaa-governorate-yemen-june-03-2015,data/CE20150402YEM_gdb.zip
3,18,da4dfd80-9c49-4a59-8d37-d23b1bc04148,http://cern.ch/unosat-maps/YE/CE20150402YEM/CE20150402YEM_shp.zip,geodata-of-damage-assessment-of-sadah-saada-governorate-yemen-may-20-2015,data/CE20150402YEM_shp.zip
0,75,14d435b7-4524-4498-9b2a-28dce616eb36,http://cern.ch/unosat-maps/YE/CE20150402YEM/CE20150402YEM_gdb.zip,geodata-of-damage-assessment-of-sadah-saada-governorate-yemen-may-20-2015,data/CE20150402YEM_gdb.zip
3,18,d64c2734-2b27-4a3d-918e-1f5800d4e7c0,http://cern.ch/unosat-maps/YE/CE20150402YEM/CE20150402YEM_shp.zip,geodata-of-damage-assessment-of-aden-aden-governorate-yemen-may-19-2015,data/CE20150402YEM_shp.zip
0,75,df954a79-5ebb-4dcc-beb3-7456db76a1c5,http://cern.ch/unosat-maps/YE/CE20150402YEM/CE20150402YEM_gdb.zip,geodata-of-damage-assessment-of-aden-aden-governorate-yemen-may-19-2015,data/CE20150402YEM_gdb.zip
2,12,6b6da0cb-aa1d-4a9a-a1a2-b97234b6cbc1,http://cern.ch/unosat-maps/SY/CE20130604SYR/Al_Zaatari_20150426.shp.zip,geodata-of-al-zaatari-refugee-camp-mafraq-governorate-jordan-may-12-2015,data/Al_Zaatari_20150426.shp.zip
0,95,36f65f64-c081-4d4c-9cf6-ccc1f503871a,http://cern.ch/unosat-maps/SY/CE20130604SYR/Al_Zaatari_20150426.gdb.zip,geodata-of-al-zaatari-refugee-camp-mafraq-governorate-jordan-may-12-2015,data/Al_Zaatari_20150426.gdb.zip
28,168,eacb7f9a-a5c2-4ae3-a341-eaf77380675d,http://cern.ch/unosat-maps/NP/EQ20150425NPL/EQ20150425NPL_shp.zip,geodata-of-damage-assessment-of-tuhure-pasal-area-western-region-nepal-may-08-2015,data/EQ20150425NPL_shp.zip
0,186,9d3dffb4-3615-43b6-b720-544ec1508db8,http://cern.ch/unosat-maps/NP/EQ20150425NPL/EQ20150425NPL_gdb.zip,geodata-of-damage-assessment-of-tuhure-pasal-area-western-region-nepal-may-08-2015,data/EQ20150425NPL_gdb.zip
28,168,b3702d6f-c3bb-4fbe-8dbb-966203814e0c,http://cern.ch/unosat-maps/NP/EQ20150425NPL/EQ20150425NPL_shp.zip,geodata-of-damage-assessment-of-west-sundar-bazar-area-western-region-nepal-may-08-2015,data/EQ20150425NPL_shp.zip
0,186,6600eb86-f058-4207-b153-830fc3a9f682,http://cern.ch/unosat-maps/NP/EQ20150425NPL/EQ20150425NPL_gdb.zip,geodata-of-damage-assessment-of-west-sundar-bazar-area-western-region-nepal-may-08-2015,data/EQ20150425NPL_gdb.zip
28,168,93f72867-b01e-49df-ad92-8f7265e1dd42,http://cern.ch/unosat-maps/NP/EQ20150425NPL/EQ20150425NPL_shp.zip,geodata-of-damage-assessment-of-manbu-area-western-region-nepal-may-07-2015,data/EQ20150425NPL_shp.zip
0,186,185cb23b-d9ce-4e21-97d0-9fbab88f2162,http://cern.ch/unosat-maps/NP/EQ20150425NPL/EQ20150425NPL_gdb.zip,geodata-of-damage-assessment-of-manbu-area-western-region-nepal-may-07-2015,data/EQ20150425NPL_gdb.zip
28,168,66b4aa0d-b9fa-4cf3-bf2a-1986dec6997f,http://cern.ch/unosat-maps/NP/EQ20150425NPL/EQ20150425NPL_shp.zip,geodata-of-damage-assessment-of-muchok-area-western-region-nepal-may-05-2015,data/EQ20150425NPL_shp.zip
0,186,1ddcaf11-476b-48b4-b03d-fc91fc78dd40,http://cern.ch/unosat-maps/NP/EQ20150425NPL/EQ20150425NPL_gdb.zip,geodata-of-damage-assessment-of-muchok-area-western-region-nepal-may-05-2015,data/EQ20150425NPL_gdb.zip
28,168,e6b28fc0-6aaf-4eeb-81b9-36310e25dbd2,http://cern.ch/unosat-maps/NP/EQ20150425NPL/EQ20150425NPL_shp.zip,geodata-of-damage-assessment-of-hansapur-area-western-region-nepal-may-05-2015,data/EQ20150425NPL_shp.zip
0,186,58ca3a0c-adf7-4acd-a014-0cc5f82649ee,http://cern.ch/unosat-maps/NP/EQ20150425NPL/EQ20150425NPL_gdb.zip,geodata-of-damage-assessment-of-hansapur-area-western-region-nepal-may-05-2015,data/EQ20150425NPL_gdb.zip
28,168,a6dceb09-d3cb-42d3-a4b2-80b6b7b6f6fc,http://cern.ch/unosat-maps/NP/EQ20150425NPL/EQ20150425NPL_shp.zip,geodata-of-damage-assessment-of-daraudi-valley-western-region-nepal-may-05-2015,data/EQ20150425NPL_shp.zip
0,186,606b93b0-2bc9-42af-9bc9-f1cb46a2b3e6,http://cern.ch/unosat-maps/NP/EQ20150425NPL/EQ20150425NPL_gdb.zip,geodata-of-damage-assessment-of-daraudi-valley-western-region-nepal-may-05-2015,data/EQ20150425NPL_gdb.zip
28,168,33c50803-ca74-425c-83b2-2e5b799395d6,http://cern.ch/unosat-maps/NP/EQ20150425NPL/EQ20150425NPL_shp.zip,geodata-of-damage-assessment-of-bhaktapur-kathmandu-valley-nepal-april-30-2015,data/EQ20150425NPL_shp.zip
0,186,7d469b3e-53a5-4309-a663-63140996ab76,http://cern.ch/unosat-maps/NP/EQ20150425NPL/EQ20150425NPL_gdb.zip,geodata-of-damage-assessment-of-bhaktapur-kathmandu-valley-nepal-april-30-2015,data/EQ20150425NPL_gdb.zip
28,168,e3b598d8-b1a7-4f1c-92c3-a89da10a96ba,http://cern.ch/unosat-maps/NP/EQ20150425NPL/EQ20150425NPL_shp.zip,geodata-of-damage-assessment-of-banepa-kathmandu-valley-nepal-april-30-2015,data/EQ20150425NPL_shp.zip
0,186,ec69b256-310d-4bfc-aabe-09559d490876,http://cern.ch/unosat-maps/NP/EQ20150425NPL/EQ20150425NPL_gdb.zip,geodata-of-damage-assessment-of-banepa-kathmandu-valley-nepal-april-30-2015,data/EQ20150425NPL_gdb.zip
28,168,7155aad5-b666-4dbd-982c-e684fefc3211,http://cern.ch/unosat-maps/NP/EQ20150425NPL/EQ20150425NPL_shp.zip,geodata-of-damage-assessment-of-sankhu-kathmandu-valley-nepal-april-30-2015,data/EQ20150425NPL_shp.zip
0,186,69dbd92b-5be2-458a-b489-81dbefe69f21,http://cern.ch/unosat-maps/NP/EQ20150425NPL/EQ20150425NPL_gdb.zip,geodata-of-damage-assessment-of-sankhu-kathmandu-valley-nepal-april-30-2015,data/EQ20150425NPL_gdb.zip
2,12,04071318-53c7-4592-9340-2d41f815e73e,http://unosat-maps.web.cern.ch/unosat-maps/NG/CE20140617NGA/CE20140617NGA_Minawao_shp.zip,geodata-of-minawao-refugee-settlement-far-north-province-cameroon-april-02-2015,data/CE20140617NGA_Minawao_shp.zip
0,89,24ed0c37-57c8-4fd0-86a9-f18313453cbb,http://unosat-maps.web.cern.ch/unosat-maps/NG/CE20140617NGA/CE20140617NGA_Minawao.gdb.zip,geodata-of-minawao-refugee-settlement-far-north-province-cameroon-april-02-2015,data/CE20140617NGA_Minawao.gdb.zip
1,6,4753550c-9c08-4d70-9809-850f1393e34c,http://cern.ch/unosat-maps/SS/CE20131218SSD/CE20131218SSD_Bentiu.shp.zip,geodata-of-bentiu-idp-camp-rubkona-county-unity-state-south-sudan-march-24-2015,data/CE20131218SSD_Bentiu.shp.zip
0,68,f50f1d72-76da-4dfe-ae9f-e912cd1ab9a9,http://cern.ch/unosat-maps/SS/CE20131218SSD/CE20131218SSD_Bentiu.gdb.zip,geodata-of-bentiu-idp-camp-rubkona-county-unity-state-south-sudan-march-24-2015,data/CE20131218SSD_Bentiu.gdb.zip
1,6,4f3bee50-1f88-463f-a13d-63e2ebb6892a,http://unosat-maps.web.cern.ch/unosat-maps/SS/CE20131218SSD/CE20131218SSD_MinkamanFEB2015_shp.zip,geodata-of-minkaman-idp-site-awerial-county-lakes-state-south-sudan-march-11-2015,data/CE20131218SSD_MinkamanFEB2015_shp.zip
0,68,5682718a-0f8d-40a9-9166-baadb02a5342,http://unosat-maps.web.cern.ch/unosat-maps/SS/CE20131218SSD/CE20131218SSD_MinkamanFEB2015.gdb.zip,geodata-of-minkaman-idp-site-awerial-county-lakes-state-south-sudan-march-11-2015,data/CE20131218SSD_MinkamanFEB2015.gdb.zip
1,6,c810af19-9540-46a7-8211-c826af981d45,http://cern.ch/unosat-maps/SY/CE20130604SYR/Kobane_20150122_shp.zip,geodata-of-damage-assessment-of-kobane-aleppo-governorate-syria-march-06-2015,data/Kobane_20150122_shp.zip
0,67,332f0dc6-8028-4241-b2b7-5cd31c81e83a,http://cern.ch/unosat-maps/SY/CE20130604SYR/Kobane_20150122_gdb.zip,geodata-of-damage-assessment-of-kobane-aleppo-governorate-syria-march-06-2015,data/Kobane_20150122_gdb.zip
1,6,21f6f76e-31aa-4936-b02b-b26a2bb54912,http://cern.ch/unosat-maps/SY/CE20130604SYR/Kobane_20150122_shp.zip,geodata-of-neighborhood-damage-assessment-kobane-aleppo-governorate-syria-march-06-2015,data/Kobane_20150122_shp.zip
0,67,6584dffa-87b1-404b-a0f7-10cc9dc57714,http://cern.ch/unosat-maps/SY/CE20130604SYR/Kobane_20150122_gdb.zip,geodata-of-neighborhood-damage-assessment-kobane-aleppo-governorate-syria-march-06-2015,data/Kobane_20150122_gdb.zip
1,6,ed81a15d-e1f3-4709-8996-b33dcd73b159,http://cern.ch/unosat-maps/IQ/CE20140613IRQ/CE20140613IRQ_Tikrit_shp.zip,geodata-of-damage-assessment-of-tikrit-salah-ad-din-governorate-iraq-february-24-2015,data/CE20140613IRQ_Tikrit_shp.zip
0,73,a4db234d-1d1f-4330-b374-c879131a00b1,http://cern.ch/unosat-maps/IQ/CE20140613IRQ/CE20140613IRQ_Tikrit_gdb.zip,geodata-of-damage-assessment-of-tikrit-salah-ad-din-governorate-iraq-february-24-2015,data/CE20140613IRQ_Tikrit_gdb.zip
1,6,7041fccb-8e3d-46f8-8199-331104b24472,http://cern.ch/unosat-maps/IQ/CE20140613IRQ/CE20140613IRQ_Baiji_Shp.zip,geodata-of-damage-assessment-of-baiji-salah-ad-din-governorate-iraq-february-20-2015,data/CE20140613IRQ_Baiji_Shp.zip
0,75,70781983-58a1-47ea-a8aa-068a56161915,http://cern.ch/unosat-maps/IQ/CE20140613IRQ/CE20140613IRQ_Baiji.gdb.zip,geodata-of-damage-assessment-of-baiji-salah-ad-din-governorate-iraq-february-20-2015,data/CE20140613IRQ_Baiji.gdb.zip
16,96,67daa937-f0bf-48cd-9c87-5f1456ef3126,http://cern.ch/unosat-maps/SS/CE20131218SSD/CE20131218SSD_shp.zip,geodata-of-idp-shelters-in-un-house-compound-juba-south-sudan-february-20-2015,data/CE20131218SSD_shp.zip
0,359,ed4482ec-d98b-4981-a0fc-54a6cb1a536b,http://cern.ch/unosat-maps/SS/CE20131218SSD/CE20131218SSD.gdb.zip,geodata-of-idp-shelters-in-un-house-compound-juba-south-sudan-february-20-2015,data/CE20131218SSD.gdb.zip
,,96a6f0c9-d6f3-4ef0-abad-723316b372d6,http://unosat-maps.web.cern.ch/unosat-maps/MZ/FL20150112MOZ/FL20150112MOZ_shp.zip,geodata-of-flood-waters-in-zambezia-tete-and-sofala-mozambique-and-southern-r-february-16-2015,data/FL20150112MOZ_shp.zip
0,162,78c87f62-fe7d-4c3c-83dd-e474fedc662a,http://unosat-maps.web.cern.ch/unosat-maps/MZ/FL20150112MOZ/FL20150112MOZ.gdb.zip,geodata-of-flood-waters-in-zambezia-tete-and-sofala-mozambique-and-southern-r-february-16-2015,data/FL20150112MOZ.gdb.zip
20,120,cd7d55d4-2b78-4bb2-b612-427748266c35,http://unosat-maps.web.cern.ch/unosat-maps/MZ/FL20150112MOZ/FL20150112MOZ.shp.zip,geodata-of-flood-waters-in-zambezia-tete-and-sofala-mozambique-and-southern-r-february-16-2015,data/FL20150112MOZ.shp.zip
0,162,02615fcd-ccb7-4d83-a5dc-feb507643844,http://unosat-maps.web.cern.ch/unosat-maps/MZ/FL20150112MOZ/FL20150112MOZ.gdb.zip,geodata-of-flood-waters-in-zambezia-tete-and-sofala-mozambique-and-southern-r-february-16-2015,data/FL20150112MOZ.gdb.zip
20,120,07083350-c7f1-468e-99c0-855b1e8fd9b5,http://unosat-maps.web.cern.ch/unosat-maps/MZ/FL20150112MOZ/FL20150112MOZ.shp.zip,geodata-of-flood-waters-in-southern-region-malawi-and-zambezia-mozambique-february-16-2015,data/FL20150112MOZ.shp.zip
0,162,26f00554-ae56-49a3-b103-caf12f660f39,http://unosat-maps.web.cern.ch/unosat-maps/MZ/FL20150112MOZ/FL20150112MOZ.gdb.zip,geodata-of-flood-waters-in-southern-region-malawi-and-zambezia-mozambique-february-16-2015,data/FL20150112MOZ.gdb.zip
1,6,f4b26e72-fe18-4577-95e0-b49af8bc5684,http://cern.ch/unosat-maps/SY/CE20130604SYR/Kobane_20150122_shp.zip,geodata-of-damage-assessment-of-kobane-aleppo-governorate-syria-february-11-2015,data/Kobane_20150122_shp.zip
0,67,b153f190-1529-4e3f-b16b-33d7bc41b9fe,http://cern.ch/unosat-maps/SY/CE20130604SYR/Kobane_20150122_gdb.zip,geodata-of-damage-assessment-of-kobane-aleppo-governorate-syria-february-11-2015,data/Kobane_20150122_gdb.zip
,,84c24544-f329-48d9-ae81-917eecd976ae,http://unosat-maps.web.cern.ch/unosat-maps/MZ/FL20150112MOZ/FL20150112MOZ_shp.zip,geodata-of-flood-water-over-namacura-and-maganja-da-costa-district-zambezia-p-february-10-2015,data/FL20150112MOZ_shp.zip
0,162,551e7bce-d604-45bd-ba2c-8f6de58cde93,http://unosat-maps.web.cern.ch/unosat-maps/MZ/FL20150112MOZ/FL20150112MOZ.gdb.zip,geodata-of-flood-water-over-namacura-and-maganja-da-costa-district-zambezia-p-february-10-2015,data/FL20150112MOZ.gdb.zip
1,6,2b190b8a-d1e3-40db-8cd4-5dcc35152e42,http://cern.ch/unosat-maps/IQ/CE20140613IRQ/CE20140613IRQ_Zumar_shp.zip,geodata-of-damage-assessment-of-zumar-nineveh-governorate-iraq-february-06-2015,data/CE20140613IRQ_Zumar_shp.zip
0,67,33008373-ea3c-4420-baa8-9b5eedc2ad55,http://cern.ch/unosat-maps/IQ/CE20140613IRQ/CE20140613IRQ_Zumar.gdb.zip,geodata-of-damage-assessment-of-zumar-nineveh-governorate-iraq-february-06-2015,data/CE20140613IRQ_Zumar.gdb.zip
1,6,199196b2-f65d-48de-a9c2-46c0e2c68ca3,http://cern.ch/unosat-maps/IQ/CE20140613IRQ/CE20140613IRQ_Jalawla_shp.zip,geodata-of-damage-assessment-of-jalawla-diyala-governorate-iraq-february-06-2015,data/CE20140613IRQ_Jalawla_shp.zip
0,67,3ad3a2a0-41fc-4df2-94cb-59d5bd810496,http://cern.ch/unosat-maps/IQ/CE20140613IRQ/CE20140613IRQ_Jalawla.gdb.zip,geodata-of-damage-assessment-of-jalawla-diyala-governorate-iraq-february-06-2015,data/CE20140613IRQ_Jalawla.gdb.zip
,,a878bf09-bb96-4b99-bd8c-a5860ef48293,http://unosat-maps.web.cern.ch/unosat-maps/MZ/FL20150112MOZ/FL20150112MOZ_shp.zip,geodata-of-flood-waters-in-zambezia-tete-and-sofala-mozambique-and-southern-r-february-04-2015,data/FL20150112MOZ_shp.zip
0,162,1615de5c-a384-407f-becb-0ebc0c52b0db,http://unosat-maps.web.cern.ch/unosat-maps/MZ/FL20150112MOZ/FL20150112MOZ.gdb.zip,geodata-of-flood-waters-in-zambezia-tete-and-sofala-mozambique-and-southern-r-february-04-2015,data/FL20150112MOZ.gdb.zip
,,7e4fdcbb-b60b-45d9-8734-059cb1351f9d,http://unosat-maps.web.cern.ch/unosat-maps/MZ/FL20150112MOZ/FL20150112MOZ_shp.zip,geodata-of-flood-waters-in-zambezia-tete-and-sofala-mozambique-and-southern-r-february-02-2015,data/FL20150112MOZ_shp.zip
0,162,12f504f7-5e20-4351-bac0-0e34c43ca7b3,http://unosat-maps.web.cern.ch/unosat-maps/MZ/FL20150112MOZ/FL20150112MOZ.gdb.zip,geodata-of-flood-waters-in-zambezia-tete-and-sofala-mozambique-and-southern-r-february-02-2015,data/FL20150112MOZ.gdb.zip
1,6,3a32cda0-e0a7-4973-a781-04345676305c,http://cern.ch/unosat-maps/IQ/CE20140613IRQ/CE20140613IRQ_Fallujah_shp.zip,geodata-of-damage-assessment-of-fallujah-al-anbar-province-iraq-january-22-2015,data/CE20140613IRQ_Fallujah_shp.zip
0,67,1b679a0d-5289-4f80-bc9b-df71456d5a0d,http://cern.ch/unosat-maps/IQ/CE20140613IRQ/CE20140613IRQ_Fallujah_gdb.zip,geodata-of-damage-assessment-of-fallujah-al-anbar-province-iraq-january-22-2015,data/CE20140613IRQ_Fallujah_gdb.zip
1,6,09c7f2ea-5ab9-4e8e-bd9d-584940cfec37,http://unosat-maps.web.cern.ch/unosat-maps/IQ/CE20140613IRQ/CE20140613IRQ_Ramadi_shp.zip,geodata-of-damage-assessment-of-ramadi-al-anbar-province-iraq-january-22-2015,data/CE20140613IRQ_Ramadi_shp.zip
0,67,6b62eb9a-b512-4f4b-9834-5995b56056f0,http://unosat-maps.web.cern.ch/unosat-maps/IQ/CE20140613IRQ/CE20140613IRQ_Ramadi.gdb.zip,geodata-of-damage-assessment-of-ramadi-al-anbar-province-iraq-january-22-2015,data/CE20140613IRQ_Ramadi.gdb.zip
,,aaab5dba-2908-4e6e-b7e4-ae95e56927b6,http://unosat-maps.web.cern.ch/unosat-maps/MZ/FL20150112MOZ/FL20150112MOZ_shp.zip,geodata-of-flood-waters-over-zambezia-tete-and-sofala-provinces-mozambique-january-21-2015,data/FL20150112MOZ_shp.zip
0,162,c452cf71-e168-450e-8180-aa83a12b373f,http://unosat-maps.web.cern.ch/unosat-maps/MZ/FL20150112MOZ/FL20150112MOZ.gdb.zip,geodata-of-flood-waters-over-zambezia-tete-and-sofala-provinces-mozambique-january-21-2015,data/FL20150112MOZ.gdb.zip
,,d06c82c5-c7ca-4a51-975d-eddcf7fa9bf7,http://unosat-maps.web.cern.ch/unosat-maps/MZ/FL20150112MOZ/FL20150112MOZ_shp.zip,geodata-of-flood-waters-over-zambezia-province-mozambique-january-19-2015,data/FL20150112MOZ_shp.zip
0,162,f4dee708-3e92-4795-9e8a-e7576f5e45fc,http://unosat-maps.web.cern.ch/unosat-maps/MZ/FL20150112MOZ/FL20150112MOZ.gdb.zip,geodata-of-flood-waters-over-zambezia-province-mozambique-january-19-2015,data/FL20150112MOZ.gdb.zip
3,18,0344127c-3647-469a-b4cd-51840b813c5d,http://cern.ch/unosat-maps/LK/FL20141230LKA/FL20141229LKA_shp.zip,geodata-of-satellite-detected-waters-over-ampara-and-batticaloa-districts-sri-january-07-2015,data/FL20141229LKA_shp.zip
0,73,b10c99d1-82b7-4f71-9f83-ba6dc3375570,http://cern.ch/unosat-maps/LK/FL20141230LKA/FL20141229LKA_gdb.zip,geodata-of-satellite-detected-waters-over-ampara-and-batticaloa-districts-sri-january-07-2015,data/FL20141229LKA_gdb.zip
3,18,d931475c-3627-472f-9c47-45f622d98991,http://cern.ch/unosat-maps/LK/FL20141230LKA/FL20141229LKA_shp.zip,geodata-of-flood-waters-over-ampara-and-batticaloa-districts-sri-lanka-december-31-2014,data/FL20141229LKA_shp.zip
0,73,60048431-5835-419a-9657-ac2cfdf31bef,http://cern.ch/unosat-maps/LK/FL20141230LKA/FL20141229LKA_gdb.zip,geodata-of-flood-waters-over-ampara-and-batticaloa-districts-sri-lanka-december-31-2014,data/FL20141229LKA_gdb.zip
2,12,5bdf4d84-437f-45aa-9d50-860ae003fd01,http://unosat-maps.web.cern.ch/unosat-maps/SS/CE20131218SSD/CE20131218SSD_Melut_shp.zip,geodata-of-idp-camp-in-melut-upper-nile-state-south-sudan-december-23-2014,data/CE20131218SSD_Melut_shp.zip
0,88,dcece090-13eb-4a81-8d4c-f261cef142af,http://unosat-maps.web.cern.ch/unosat-maps/SS/CE20131218SSD/CE20131218SSD_Melut.gdb.zip,geodata-of-idp-camp-in-melut-upper-nile-state-south-sudan-december-23-2014,data/CE20131218SSD_Melut.gdb.zip
10,61,6ba1be58-b887-4ae9-9e05-cf6401f2a8ed,http://cern.ch/unosat-maps/PH/TC20141204PHL/TC20141204PHL_shp.zip,geodata-of-damaged-structures-in-borongan-eastern-samar-province-philippines-december-18-2014,data/TC20141204PHL_shp.zip
0,105,05160e1d-bce1-40a1-a8a8-1e94929e9434,http://cern.ch/unosat-maps/PH/TC20141204PHL/TC20141204PHL.gdb.zip,geodata-of-damaged-structures-in-borongan-eastern-samar-province-philippines-december-18-2014,data/TC20141204PHL.gdb.zip
10,61,2dbad96a-e0ea-4599-9125-538ec3e036d5,http://cern.ch/unosat-maps/PH/TC20141204PHL/TC20141204PHL_shp.zip,geodata-of-damaged-structures-in-san-julian-area-eastern-samar-philippines-december-17-2014,data/TC20141204PHL_shp.zip
0,105,b2a98406-a549-4234-ab1e-cd56335bea9d,http://cern.ch/unosat-maps/PH/TC20141204PHL/TC20141204PHL.gdb.zip,geodata-of-damaged-structures-in-san-julian-area-eastern-samar-philippines-december-17-2014,data/TC20141204PHL.gdb.zip
10,60,887890a8-e3bb-4b97-a8eb-c9fed7749438,http://unosat-maps.web.cern.ch/unosat-maps/SO/CE20130710SOM/CE20130710SOM_shp.zip,geodata-of-idp-shelter-changes-in-hargeisa-somalia-between-20-august-2012-and-december-17-2014,data/CE20130710SOM_shp.zip
0,516,90bd5910-4549-40c6-af6c-f76d695bea3a,http://unosat-maps.web.cern.ch/unosat-maps/SO/CE20130710SOM/CE20130710SOM.gdb.zip,geodata-of-idp-shelter-changes-in-hargeisa-somalia-between-20-august-2012-and-december-17-2014,data/CE20130710SOM.gdb.zip
10,61,be168cef-6f4b-49eb-b0fa-3e84f96482b0,http://cern.ch/unosat-maps/PH/TC20141204PHL/TC20141204PHL_shp.zip,geodata-of-damaged-structures-in-taft-city-eastern-samar-province-philippines-december-16-2014,data/TC20141204PHL_shp.zip
0,105,acd5d9e6-f269-4a2d-8884-bbd2c7b26069,http://cern.ch/unosat-maps/PH/TC20141204PHL/TC20141204PHL.gdb.zip,geodata-of-damaged-structures-in-taft-city-eastern-samar-province-philippines-december-16-2014,data/TC20141204PHL.gdb.zip
10,61,49878369-5381-46d8-9de6-917d6af5f017,http://cern.ch/unosat-maps/PH/TC20141204PHL/TC20141204PHL_shp.zip,geodata-of-damaged-structures-in-dolores-city-east-samar-philippines-december-15-2014,data/TC20141204PHL_shp.zip
0,105,26b7a296-32f6-48b6-91b6-0568c0724679,http://cern.ch/unosat-maps/PH/TC20141204PHL/TC20141204PHL.gdb.zip,geodata-of-damaged-structures-in-dolores-city-east-samar-philippines-december-15-2014,data/TC20141204PHL.gdb.zip
10,61,9f787fca-4ce4-4ee0-93e0-4426d6a346fd,http://cern.ch/unosat-maps/PH/TC20141204PHL/TC20141204PHL_shp.zip,geodata-of-damaged-structures-in-guiuan-city-eastern-samar-philippines-december-11-2014,data/TC20141204PHL_shp.zip
0,105,e4ec4bd0-eba3-4c0b-bb9f-e15128a217bf,http://cern.ch/unosat-maps/PH/TC20141204PHL/TC20141204PHL.gdb.zip,geodata-of-damaged-structures-in-guiuan-city-eastern-samar-philippines-december-11-2014,data/TC20141204PHL.gdb.zip
10,61,73fde84a-dda2-422c-a8c7-7f258f8199a7,http://cern.ch/unosat-maps/PH/TC20141204PHL/TC20141204PHL_shp.zip,geodata-of-damaged-structures-in-calbayog-city-samar-island-philippines-december-11-2014,data/TC20141204PHL_shp.zip
0,105,8667b757-7df6-4660-b0dc-f987f42145e6,http://cern.ch/unosat-maps/PH/TC20141204PHL/TC20141204PHL.gdb.zip,geodata-of-damaged-structures-in-calbayog-city-samar-island-philippines-december-11-2014,data/TC20141204PHL.gdb.zip
10,61,efcc7731-e927-4afa-a5d3-871628771966,http://cern.ch/unosat-maps/PH/TC20141204PHL/TC20141204PHL_shp.zip,geodata-of-satellite-detected-waters-over-can-avid-in-dolores-area-eastern-sa-december-09-2014,data/TC20141204PHL_shp.zip
0,105,9d79337c-e035-4264-afc6-428b4ab7f808,http://cern.ch/unosat-maps/PH/TC20141204PHL/TC20141204PHL.gdb.zip,geodata-of-satellite-detected-waters-over-can-avid-in-dolores-area-eastern-sa-december-09-2014,data/TC20141204PHL.gdb.zip
10,61,a69018bc-0c59-4f4e-84e7-83c648f21301,http://unosat-maps.web.cern.ch/unosat-maps/PH/TC20141204PHL/TC20141204PHL_shp.zip,geodata-of-satellite-detected-waters-over-san-miguel-leyte-eastern-visayas-ph-december-08-2014,data/TC20141204PHL_shp.zip
0,105,ea875b69-3652-48ff-befe-c5ae7d915b6c,http://unosat-maps.web.cern.ch/unosat-maps/PH/TC20141204PHL/TC20141204PHL.gdb.zip,geodata-of-satellite-detected-waters-over-san-miguel-leyte-eastern-visayas-ph-december-08-2014,data/TC20141204PHL.gdb.zip
16,96,095b6f11-1916-4062-acfc-13a0519433df,http://cern.ch/unosat-maps/SS/CE20131218SSD/CE20131218SSD_shp.zip,geodata-of-minkaman-idp-site-awerial-county-lakes-state-south-sudan-december-02-2014,data/CE20131218SSD_shp.zip
0,359,1e9bff37-f213-4068-856d-53e9d18d2439,http://cern.ch/unosat-maps/SS/CE20131218SSD/CE20131218SSD.gdb.zip,geodata-of-minkaman-idp-site-awerial-county-lakes-state-south-sudan-december-02-2014,data/CE20131218SSD.gdb.zip
2,12,9e0ddcfc-a6d8-451b-b835-95e671677a42,http://unosat-maps.web.cern.ch/unosat-maps/SY/CE20130604SYR/Azraq_20141111_SHP.zip,geodata-of-al-azraq-refugee-camp-az-zarqa-governorate-jordan-november-28-2014,data/Azraq_20141111_SHP.zip
0,88,cb972001-0a1e-4d3f-add7-c1c42ce10c72,http://unosat-maps.web.cern.ch/unosat-maps/SY/CE20130604SYR/Azraq_20141111_gdb.zip,geodata-of-al-azraq-refugee-camp-az-zarqa-governorate-jordan-november-28-2014,data/Azraq_20141111_gdb.zip
1,6,8f93ac7b-d02b-4414-a251-cdb94c35f62a,http://cern.ch/unosat-maps/SY/CE20130604SYR/Al_Zaatari_Shelters_20141111_shp.zip,geodata-of-al-zaatari-refugee-camp-mafraq-governorate-jordan-november-19-2014,data/Al_Zaatari_Shelters_20141111_shp.zip
0,93,d918f474-55c3-4699-9257-ba2259c2df4d,http://cern.ch/unosat-maps/SY/CE20130604SYR/Al_Zaatari_20141111.gdb.zip,geodata-of-al-zaatari-refugee-camp-mafraq-governorate-jordan-november-19-2014,data/Al_Zaatari_20141111.gdb.zip
2,12,8f001a84-91db-4be0-be22-477b50ef080a,http://unosat-maps.web.cern.ch/unosat-maps/SO/CE20130710SOM/CE20130710SOM_DD_shp.zip,geodata-of-idp-shelter-density-in-daynile-and-dharkenley-district-mogadishu-november-10-2014,data/CE20130710SOM_DD_shp.zip
0,477,790bd3da-aa1f-4606-8254-cb0a759a2c62,http://unosat-maps.web.cern.ch/unosat-maps/SO/CE20130710SOM/CE20130710SOM_DD.gdb.zip,geodata-of-idp-shelter-density-in-daynile-and-dharkenley-district-mogadishu-november-10-2014,data/CE20130710SOM_DD.gdb.zip
10,60,6470a6fa-0a5f-4aed-8fa9-a29e4996e2db,http://cern.ch/unosat-maps/SY/CE20130604SYR/UNOSAT_DamageAssessment_OFDA-REACH_CE20130604SYR_shp.zip,geodata-of-damage-assessment-of-daraa-daraa-governorate-syria-november-07-2014,data/UNOSAT_DamageAssessment_OFDA-REACH_CE20130604SYR_shp.zip
0,116,a2fe6fbc-cffd-40b4-99cb-fe096bf4c2ea,http://cern.ch/unosat-maps/SY/CE20130604SYR/UNOSAT_DamageAssessment_OFDA-REACH_CE20130604SYR.gdb.zip,geodata-of-damage-assessment-of-daraa-daraa-governorate-syria-november-07-2014,data/UNOSAT_DamageAssessment_OFDA-REACH_CE20130604SYR.gdb.zip
10,60,0e9f3f9a-139d-497b-b62c-367dcd21e4d5,http://cern.ch/unosat-maps/SY/CE20130604SYR/UNOSAT_DamageAssessment_OFDA-REACH_CE20130604SYR_shp.zip,geodata-of-damage-assessment-of-idlib-idlib-governorate-syria-november-07-2014,data/UNOSAT_DamageAssessment_OFDA-REACH_CE20130604SYR_shp.zip
0,116,c06c4058-bff6-4404-b788-b87c0affdab4,http://cern.ch/unosat-maps/SY/CE20130604SYR/UNOSAT_DamageAssessment_OFDA-REACH_CE20130604SYR.gdb.zip,geodata-of-damage-assessment-of-idlib-idlib-governorate-syria-november-07-2014,data/UNOSAT_DamageAssessment_OFDA-REACH_CE20130604SYR.gdb.zip
10,60,39e3081e-0a6e-4550-ac5a-bc4eac1d133a,http://cern.ch/unosat-maps/SY/CE20130604SYR/UNOSAT_DamageAssessment_OFDA-REACH_CE20130604SYR_shp.zip,geodata-of-damage-assessment-of-ar-raqqa-ar-raqqa-governorate-syria-november-07-2014,data/UNOSAT_DamageAssessment_OFDA-REACH_CE20130604SYR_shp.zip
0,116,492bd9d4-651a-4b8e-b45f-1edc4b377bae,http://cern.ch/unosat-maps/SY/CE20130604SYR/UNOSAT_DamageAssessment_OFDA-REACH_CE20130604SYR.gdb.zip,geodata-of-damage-assessment-of-ar-raqqa-ar-raqqa-governorate-syria-november-07-2014,data/UNOSAT_DamageAssessment_OFDA-REACH_CE20130604SYR.gdb.zip
10,60,9db2d65a-e123-430c-8f0d-6b91a8a48ce6,http://cern.ch/unosat-maps/SY/CE20130604SYR/UNOSAT_DamageAssessment_OFDA-REACH_CE20130604SYR_shp.zip,geodata-of-damage-assessment-of-deir-ez-zor-deir-ez-zor-governorate-syria-november-06-2014,data/UNOSAT_DamageAssessment_OFDA-REACH_CE20130604SYR_shp.zip
0,116,c80b96dc-1941-45eb-a6b1-b6963a44c4b7,http://cern.ch/unosat-maps/SY/CE20130604SYR/UNOSAT_DamageAssessment_OFDA-REACH_CE20130604SYR.gdb.zip,geodata-of-damage-assessment-of-deir-ez-zor-deir-ez-zor-governorate-syria-november-06-2014,data/UNOSAT_DamageAssessment_OFDA-REACH_CE20130604SYR.gdb.zip
10,60,65c2ed93-ae0c-487b-a558-a2509c0f28a8,http://cern.ch/unosat-maps/SY/CE20130604SYR/UNOSAT_DamageAssessment_OFDA-REACH_CE20130604SYR_shp.zip,geodata-of-damage-assessment-of-hama-hama-governorate-syria-november-06-2014,data/UNOSAT_DamageAssessment_OFDA-REACH_CE20130604SYR_shp.zip
0,116,51e17f0b-a010-481d-b068-ff0197bb41b8,http://cern.ch/unosat-maps/SY/CE20130604SYR/UNOSAT_DamageAssessment_OFDA-REACH_CE20130604SYR.gdb.zip,geodata-of-damage-assessment-of-hama-hama-governorate-syria-november-06-2014,data/UNOSAT_DamageAssessment_OFDA-REACH_CE20130604SYR.gdb.zip
10,60,2abe77d6-39fc-4a81-b548-5994bd5e1ea2,http://cern.ch/unosat-maps/SY/CE20130604SYR/UNOSAT_DamageAssessment_OFDA-REACH_CE20130604SYR_shp.zip,geodata-of-damage-assessment-of-homs-homs-governorate-syria-november-06-2014,data/UNOSAT_DamageAssessment_OFDA-REACH_CE20130604SYR_shp.zip
0,116,38513d88-daf2-46a5-831f-4644c0aed1df,http://cern.ch/unosat-maps/SY/CE20130604SYR/UNOSAT_DamageAssessment_OFDA-REACH_CE20130604SYR.gdb.zip,geodata-of-damage-assessment-of-homs-homs-governorate-syria-november-06-2014,data/UNOSAT_DamageAssessment_OFDA-REACH_CE20130604SYR.gdb.zip
10,60,ca0d33f0-e265-4933-8078-10e8895ae475,http://cern.ch/unosat-maps/SY/CE20130604SYR/UNOSAT_DamageAssessment_OFDA-REACH_CE20130604SYR_shp.zip,geodata-of-damage-assessment-of-aleppo-aleppo-governorate-syria-november-06-2014,data/UNOSAT_DamageAssessment_OFDA-REACH_CE20130604SYR_shp.zip
0,116,de292f1a-4385-4b8c-a484-b61baa0802a0,http://cern.ch/unosat-maps/SY/CE20130604SYR/UNOSAT_DamageAssessment_OFDA-REACH_CE20130604SYR.gdb.zip,geodata-of-damage-assessment-of-aleppo-aleppo-governorate-syria-november-06-2014,data/UNOSAT_DamageAssessment_OFDA-REACH_CE20130604SYR.gdb.zip
10,60,ac7579c2-3eb5-4b91-8822-bda474a13f47,http://unosat-maps.web.cern.ch/unosat-maps/SO/CE20130710SOM/CE20130710SOM_shp.zip,geodata-of-idp-shelter-changes-in-baidoa-somalia-between-08-february-and-02-o-october-31-2014,data/CE20130710SOM_shp.zip
0,516,f7b4d17f-3a49-4750-a109-35b24f3e31bd,http://cern.ch/unosat-maps/SO/CE20130710SOM/CE20130710SOM.gdb.zip,geodata-of-idp-shelter-changes-in-baidoa-somalia-between-08-february-and-02-o-october-31-2014,data/CE20130710SOM.gdb.zip
10,60,8cd13746-0afb-4457-b8d0-bee1398a9301,http://unosat-maps.web.cern.ch/unosat-maps/SO/CE20130710SOM/CE20130710SOM_shp.zip,geodata-of-informal-idp-shelters-in-border-town-of-doolow-somalia-october-28-2014,data/CE20130710SOM_shp.zip
0,516,79c7fc1e-13cf-4c98-a806-16d194627350,http://unosat-maps.web.cern.ch/unosat-maps/SO/CE20130710SOM/CE20130710SOM.gdb.zip,geodata-of-informal-idp-shelters-in-border-town-of-doolow-somalia-october-28-2014,data/CE20130710SOM.gdb.zip
8,49,d91950ad-f41b-499e-84aa-129f98257aa0,http://cern.ch/unosat-maps/PS/CE20140715PSE/CE20140715PSE.shp.zip,geodata-of-gaza-damage-assessment-2014-unosat-satellite-derived-geospatial-an-october-02-2014,data/CE20140715PSE.shp.zip
0,110,f616ed3d-81d3-4a47-8172-17b0d5908278,http://cern.ch/unosat-maps/PS/CE20140715PSE/CE20140715PSE.gdb.zip,geodata-of-gaza-damage-assessment-2014-unosat-satellite-derived-geospatial-an-october-02-2014,data/CE20140715PSE.gdb.zip
8,49,405b7077-f745-4d71-a063-e1fd4b650b0d,http://cern.ch/unosat-maps/PS/CE20140715PSE/CE20140715PSE.shp.zip,geodata-of-education-facilities-damage-assessment-in-gaza-strip-occupied-pale-september-26-2014,data/CE20140715PSE.shp.zip
0,110,35f41ca3-9907-46d7-a349-7fb4cf338d77,http://cern.ch/unosat-maps/PS/CE20140715PSE/CE20140715PSE.gdb.zip,geodata-of-education-facilities-damage-assessment-in-gaza-strip-occupied-pale-september-26-2014,data/CE20140715PSE.gdb.zip
8,49,f0864b09-cb4e-429b-83f3-0da7b5b42eab,http://cern.ch/unosat-maps/PS/CE20140715PSE/CE20140715PSE.shp.zip,geodata-of-health-facilities-damage-assessment-in-gaza-strip-occupied-palesti-september-26-2014,data/CE20140715PSE.shp.zip
0,110,974c7a15-427f-4b9c-a247-eb9439b344e6,http://cern.ch/unosat-maps/PS/CE20140715PSE/CE20140715PSE.gdb.zip,geodata-of-health-facilities-damage-assessment-in-gaza-strip-occupied-palesti-september-26-2014,data/CE20140715PSE.gdb.zip
16,96,b9c439ae-55f6-45f5-9b66-0225822d7810,http://cern.ch/unosat-maps/SS/CE20131218SSD/CE20131218SSD_shp.zip,geodata-of-minkaman-idp-site-awerial-county-lakes-state-south-sudan-september-25-2014,data/CE20131218SSD_shp.zip
0,359,6cd21bc7-c14a-40f0-ab43-b7603195fcfe,http://cern.ch/unosat-maps/SS/CE20131218SSD/CE20131218SSD.gdb.zip,geodata-of-minkaman-idp-site-awerial-county-lakes-state-south-sudan-september-25-2014,data/CE20131218SSD.gdb.zip
8,49,bb700ba1-1076-4389-8ae3-cb3a8f6f8027,http://cern.ch/unosat-maps/PS/CE20140715PSE/CE20140715PSE.shp.zip,geodata-of-damage-to-agricultural-areas-and-greenhouses-gaza-strip-occupied-p-september-23-2014,data/CE20140715PSE.shp.zip
0,110,c0690510-3eca-49fd-96fa-c9894d270f5d,http://cern.ch/unosat-maps/PS/CE20140715PSE/CE20140715PSE.gdb.zip,geodata-of-damage-to-agricultural-areas-and-greenhouses-gaza-strip-occupied-p-september-23-2014,data/CE20140715PSE.gdb.zip
8,49,a239fe79-423f-4be1-bdba-98ad76042c7e,http://cern.ch/unosat-maps/PS/CE20140715PSE/CE20140715PSE.shp.zip,geodata-of-density-of-damage-assessment-in-gaza-strip-occupied-palestinian-te-september-19-2014,data/CE20140715PSE.shp.zip
0,110,6117f183-b4b9-4b12-a5ef-46d09efc0960,http://cern.ch/unosat-maps/PS/CE20140715PSE/CE20140715PSE.gdb.zip,geodata-of-density-of-damage-assessment-in-gaza-strip-occupied-palestinian-te-september-19-2014,data/CE20140715PSE.gdb.zip
8,49,15028e22-66f1-4b69-948c-f4b901667ab7,http://cern.ch/unosat-maps/PS/CE20140715PSE/CE20140715PSE.shp.zip,geodata-of-2009-2014-density-comparison-of-destroyed-and-severely-damaged-str-september-19-2014,data/CE20140715PSE.shp.zip
0,110,70bf4e2c-eebb-4ff8-b54e-8410f39ca2b4,http://cern.ch/unosat-maps/PS/CE20140715PSE/CE20140715PSE.gdb.zip,geodata-of-2009-2014-density-comparison-of-destroyed-and-severely-damaged-str-september-19-2014,data/CE20140715PSE.gdb.zip
8,49,56401c29-1375-4655-b8d0-85dd0eec65a1,http://cern.ch/unosat-maps/PS/CE20140715PSE/CE20140715PSE.shp.zip,geodata-of-satellite-based-damage-assessment-of-gaza-strip-occupied-palestini-september-18-2014,data/CE20140715PSE.shp.zip
0,110,3b9dd0c3-0f85-49a8-955f-0297898c9fc3,http://cern.ch/unosat-maps/PS/CE20140715PSE/CE20140715PSE.gdb.zip,geodata-of-satellite-based-damage-assessment-of-gaza-strip-occupied-palestini-september-18-2014,data/CE20140715PSE.gdb.zip
9,59,938c11c7-82ef-4f4e-85c8-093dddbac855,http://unosat-maps.web.cern.ch/unosat-maps/PK/FL20140910PAK/FL20140910PAK_shp.zip,geodata-of-standing-waters-in-tarind-muhammed-panah-area-punjab-province-paki-september-17-2014,data/FL20140910PAK_shp.zip
0,146,635757d6-f251-4ad9-ab37-0e7d327624d7,http://unosat-maps.web.cern.ch/unosat-maps/PK/FL20140910PAK/FL20140910PAK_gdb.zip,geodata-of-standing-waters-in-tarind-muhammed-panah-area-punjab-province-paki-september-17-2014,data/FL20140910PAK_gdb.zip
9,59,1877cb98-3bd2-4369-be95-9b93666f448d,http://unosat-maps.web.cern.ch/unosat-maps/PK/FL20140910PAK/FL20140910PAK_shp.zip,geodata-of-flood-waters-in-chiniot-area-punjab-province-pakistan-september-16-2014,data/FL20140910PAK_shp.zip
0,146,ee863745-7214-46b8-b30e-cf214393650d,http://unosat-maps.web.cern.ch/unosat-maps/PK/FL20140910PAK/FL20140910PAK_gdb.zip,geodata-of-flood-waters-in-chiniot-area-punjab-province-pakistan-september-16-2014,data/FL20140910PAK_gdb.zip
9,59,e5e1ae52-4474-4d3d-be81-d550119c2099,http://unosat-maps.web.cern.ch/unosat-maps/PK/FL20140910PAK/FL20140910PAK_shp.zip,geodata-of-overview-of-flood-waters-in-multan-area-punjab-province-pakistan-september-15-2014,data/FL20140910PAK_shp.zip
0,146,d2c9328a-6dfc-4bc8-ae5a-e00622210fe4,http://unosat-maps.web.cern.ch/unosat-maps/PK/FL20140910PAK/FL20140910PAK_gdb.zip,geodata-of-overview-of-flood-waters-in-multan-area-punjab-province-pakistan-september-15-2014,data/FL20140910PAK_gdb.zip
9,59,eb10ba2b-f897-4ec3-a4e2-0fd0d0a0681a,http://unosat-maps.web.cern.ch/unosat-maps/PK/FL20140910PAK/FL20140910PAK_shp.zip,geodata-of-overview-of-flood-waters-in-puran-fatehpur-area-punjab-province-pa-september-12-2014,data/FL20140910PAK_shp.zip
0,146,1185e83e-bd6c-41e6-bdf8-ec0d79f2c8dd,http://unosat-maps.web.cern.ch/unosat-maps/PK/FL20140910PAK/FL20140910PAK_gdb.zip,geodata-of-overview-of-flood-waters-in-puran-fatehpur-area-punjab-province-pa-september-12-2014,data/FL20140910PAK_gdb.zip
9,59,8a0337bf-8af0-40eb-8a1f-a65ac2ee80b3,http://unosat-maps.web.cern.ch/unosat-maps/PK/FL20140910PAK/FL20140910PAK_shp.zip,geodata-of-overview-of-flood-waters-in-wazirabad-area-punjab-province-pakista-september-11-2014,data/FL20140910PAK_shp.zip
0,146,cdbceeac-6678-4d03-bee8-aab27d3d7972,http://unosat-maps.web.cern.ch/unosat-maps/PK/FL20140910PAK/FL20140910PAK_gdb.zip,geodata-of-overview-of-flood-waters-in-wazirabad-area-punjab-province-pakista-september-11-2014,data/FL20140910PAK_gdb.zip
14,84,fc9548fa-d432-4ef3-8ea7-2818c4ac0c6a,http://unosat-maps.web.cern.ch/unosat-maps/SD/FL20140803SDN/FL20140803SDN.shp.zip,geodata-of-flood-waters-over-khartoum-state-sudan-august-20-2014,data/FL20140803SDN.shp.zip
0,157,22d09243-6487-460f-a324-3aabf0b8970d,http://unosat-maps.web.cern.ch/unosat-maps/SD/FL20140803SDN/FL20140803SDN.gdb.zip,geodata-of-flood-waters-over-khartoum-state-sudan-august-20-2014,data/FL20140803SDN.gdb.zip
14,84,ba361525-ec86-4452-823a-eb1654e91a1d,http://unosat-maps.web.cern.ch/unosat-maps/SD/FL20140803SDN/FL20140803SDN.shp.zip,geodata-of-flood-waters-over-khartoum-state-sudan-august-19-2014,data/FL20140803SDN.shp.zip
0,157,a6625eaa-540d-4a84-bb3e-a36e3d1d51c4,http://unosat-maps.web.cern.ch/unosat-maps/SD/FL20140803SDN/FL20140803SDN.gdb.zip,geodata-of-flood-waters-over-khartoum-state-sudan-august-19-2014,data/FL20140803SDN.gdb.zip
14,84,64a0d324-f1aa-420f-bf89-62e5b7ee2737,http://unosat-maps.web.cern.ch/unosat-maps/SD/FL20140803SDN/FL20140803SDN.shp.zip,geodata-of-flood-waters-east-of-khartoum-city-khartoum-state-sudan-august-11-2014,data/FL20140803SDN.shp.zip
0,157,d3c05ccd-de3c-46f0-9ea2-03672015aab5,http://unosat-maps.web.cern.ch/unosat-maps/SD/FL20140803SDN/FL20140803SDN.gdb.zip,geodata-of-flood-waters-east-of-khartoum-city-khartoum-state-sudan-august-11-2014,data/FL20140803SDN.gdb.zip
14,84,933bf612-a343-4772-ad4a-0d9ff788005f,http://unosat-maps.web.cern.ch/unosat-maps/SD/FL20140803SDN/FL20140803SDN.shp.zip,geodata-of-flood-waters-over-khartoum-state-sudan-august-11-2014,data/FL20140803SDN.shp.zip
0,157,b402ea01-6aae-4d68-8391-a3e2d036c78b,http://unosat-maps.web.cern.ch/unosat-maps/SD/FL20140803SDN/FL20140803SDN.gdb.zip,geodata-of-flood-waters-over-khartoum-state-sudan-august-11-2014,data/FL20140803SDN.gdb.zip
14,84,755c7504-f17c-4fee-82d9-f33242626c42,http://unosat-maps.web.cern.ch/unosat-maps/SD/FL20140803SDN/FL20140803SDN.shp.zip,geodata-of-flood-waters-over-khartoum-state-sudan-august-08-2014,data/FL20140803SDN.shp.zip
0,157,b8099692-5706-4b1c-ba9e-e902b8317986,http://unosat-maps.web.cern.ch/unosat-maps/SD/FL20140803SDN/FL20140803SDN.gdb.zip,geodata-of-flood-waters-over-khartoum-state-sudan-august-08-2014,data/FL20140803SDN.gdb.zip
8,49,a1bfb9ec-f77e-425f-ae7e-a7746af8ef02,http://unosat-maps.web.cern.ch/unosat-maps/PS/CE20140715PSE/CE20140715PSE.SHP.zip,geodata-of-damage-assessment-in-khuzaa-and-al-qararra-gaza-strip-occupied-pal-august-08-2014,data/CE20140715PSE.SHP.zip
0,110,d1d17c0a-e0e3-4efd-a0e3-36f6c5e8cd96,http://unosat-maps.web.cern.ch/unosat-maps/PS/CE20140715PSE/CE20140715PSE.gdb.zip,geodata-of-damage-assessment-in-khuzaa-and-al-qararra-gaza-strip-occupied-pal-august-08-2014,data/CE20140715PSE.gdb.zip
8,49,9641dfa3-5c0b-497a-9b38-07f6961a6a05,http://cern.ch/unosat-maps/PS/CE20140715PSE/CE20140715PSE.SHP.zip,geodata-of-damage-assessment-in-jarara-area-gaza-strip-occupied-palestinian-t-august-07-2014,data/CE20140715PSE.SHP.zip
0,110,5713859d-5cbb-4372-8302-5185a8215155,http://cern.ch/unosat-maps/PS/CE20140715PSE/CE20140715PSE.gdb.zip,geodata-of-damage-assessment-in-jarara-area-gaza-strip-occupied-palestinian-t-august-07-2014,data/CE20140715PSE.gdb.zip
8,49,1b78af77-fdec-4f2e-a31a-18f1f9550e1f,http://cern.ch/unosat-maps/PS/CE20140715PSE/CE20140715PSE.SHP.zip,geodata-of-damage-assessment-in-rafah-gaza-strip-occupied-palestinian-territo-august-07-2014,data/CE20140715PSE.SHP.zip
0,110,08a3f1e5-3784-45b0-981f-9b3a6524d9d3,http://cern.ch/unosat-maps/PS/CE20140715PSE/CE20140715PSE.gdb.zip,geodata-of-damage-assessment-in-rafah-gaza-strip-occupied-palestinian-territo-august-07-2014,data/CE20140715PSE.gdb.zip
8,49,3a35deca-e8aa-4399-84f6-d27fee5fe54d,http://cern.ch/unosat-maps/PS/CE20140715PSE/CE20140715PSE.SHP.zip,geodata-of-damage-to-agricultural-fields-gaza-strip-occupied-palestinian-terr-august-05-2014,data/CE20140715PSE.SHP.zip
0,110,6749485d-d5b9-45f2-ab05-030c53b033bb,http://cern.ch/unosat-maps/PS/CE20140715PSE/CE20140715PSE.gdb.zip,geodata-of-damage-to-agricultural-fields-gaza-strip-occupied-palestinian-terr-august-05-2014,data/CE20140715PSE.gdb.zip
8,49,6e4374db-2602-4d2a-b0d3-ec9bdece1ebf,http://cern.ch/unosat-maps/PS/CE20140715PSE/CE20140715PSE.SHP.zip,geodata-of-damage-assessment-in-atatra-gaza-strip-occupied-palestinian-territ-august-04-2014,data/CE20140715PSE.SHP.zip
0,110,57d3adbc-32fb-47ac-bd04-a531c60faa9a,http://cern.ch/unosat-maps/PS/CE20140715PSE/CE20140715PSE.gdb.zip,geodata-of-damage-assessment-in-atatra-gaza-strip-occupied-palestinian-territ-august-04-2014,data/CE20140715PSE.gdb.zip
8,49,9cdcd266-4a76-487a-9769-efe313d49789,http://unosat-maps.web.cern.ch/unosat-maps/PS/CE20140715PSE/CE20140715PSE.SHP.zip,geodata-of-damage-assessment-in-gaza-city-gaza-strip-occupied-palestinian-ter-july-31-2014,data/CE20140715PSE.SHP.zip
0,110,4012787c-9656-477f-994f-895a6db059fb,http://unosat-maps.web.cern.ch/unosat-maps/PS/CE20140715PSE/CE20140715PSE.gdb.zip,geodata-of-damage-assessment-in-gaza-city-gaza-strip-occupied-palestinian-ter-july-31-2014,data/CE20140715PSE.gdb.zip
1,6,554765b1-f889-4b47-b88e-0a2172a6ce2b,http://unosat-maps.web.cern.ch/unosat-maps/SY/CE20130604SYR/Rubkan_20140725_SHP.zip,geodata-of-rubkan-border-crossing-idp-settlement-homs-governorate-syria-july-31-2014,data/Rubkan_20140725_SHP.zip
0,88,a7d973e7-1148-4419-9345-362204db3d53,http://unosat-maps.web.cern.ch/unosat-maps/SY/CE20130604SYR/Rubkan_20140725.gdb.zip,geodata-of-rubkan-border-crossing-idp-settlement-homs-governorate-syria-july-31-2014,data/Rubkan_20140725.gdb.zip
8,49,9ce37887-aa01-4c18-a734-659b51df7b84,http://unosat-maps.web.cern.ch/unosat-maps/PS/CE20140715PSE/CE20140715PSE.SHP.zip,geodata-of-damage-assessment-in-beit-lahia-gaza-strip-occupied-palestinian-te-july-30-2014,data/CE20140715PSE.SHP.zip
0,110,a9c1f82b-63a1-495e-8fc5-7e3e0ac52df8,http://unosat-maps.web.cern.ch/unosat-maps/PS/CE20140715PSE/CE20140715PSE.gdb.zip,geodata-of-damage-assessment-in-beit-lahia-gaza-strip-occupied-palestinian-te-july-30-2014,data/CE20140715PSE.gdb.zip
8,49,31ed4d89-76ad-4c33-ae73-5165a2ed2d45,http://unosat-maps.web.cern.ch/unosat-maps/PS/CE20140715PSE/CE20140715PSE.SHP.zip,geodata-of-damage-assessment-in-beit-hanun-gaza-strip-occupied-palestinian-te-july-28-2014,data/CE20140715PSE.SHP.zip
0,110,1f4eebf5-caf1-4b5b-8d72-cd824edfad66,http://unosat-maps.web.cern.ch/unosat-maps/PS/CE20140715PSE/CE20140715PSE.gdb.zip,geodata-of-damage-assessment-in-beit-hanun-gaza-strip-occupied-palestinian-te-july-28-2014,data/CE20140715PSE.gdb.zip
8,49,27c3f492-b2c0-4d15-97f4-fccf7b6034bf,http://unosat-maps.web.cern.ch/unosat-maps/PS/CE20140715PSE/CE20140715PSE.SHP.zip,geodata-of-damage-assessment-in-northeastern-gaza-strip-occupied-palestinian-july-27-2014,data/CE20140715PSE.SHP.zip
0,110,2dd1757e-e392-4d98-90f5-f6c796c75a26,http://unosat-maps.web.cern.ch/unosat-maps/PS/CE20140715PSE/CE20140715PSE.gdb.zip,geodata-of-damage-assessment-in-northeastern-gaza-strip-occupied-palestinian-july-27-2014,data/CE20140715PSE.gdb.zip
2,12,09a7dcbc-8b2f-4cdd-88e0-af1144c6e437,http://unosat-maps.web.cern.ch/unosat-maps/SY/CE20130604SYR/Al_Zaatari_20140706.shp.zip,geodata-of-al-zaatari-refugee-camp-mafraq-governorate-jordan-july-21-2014,data/Al_Zaatari_20140706.shp.zip
0,93,bcc9ebc3-ee5f-4f55-85bd-f015de863b72,http://unosat-maps.web.cern.ch/unosat-maps/SY/CE20130604SYR/Al_Zaatari_20140706.gdb.zip,geodata-of-al-zaatari-refugee-camp-mafraq-governorate-jordan-july-21-2014,data/Al_Zaatari_20140706.gdb.zip
8,49,33fd14db-3564-4536-8657-1d342802f598,http://unosat-maps.web.cern.ch/unosat-maps/PS/CE20140715PSE/CE20140715PSE.SHP.zip,geodata-of-damage-assessment-in-central-gaza-strip-occupied-palestinian-terri-july-21-2014,data/CE20140715PSE.SHP.zip
0,110,a628cdc1-466a-497c-8a77-706f91e028c2,http://unosat-maps.web.cern.ch/unosat-maps/PS/CE20140715PSE/CE20140715PSE.gdb.zip,geodata-of-damage-assessment-in-central-gaza-strip-occupied-palestinian-terri-july-21-2014,data/CE20140715PSE.gdb.zip
16,96,bcb539de-0aa7-4054-a216-495ed1cdd03f,http://cern.ch/unosat-maps/SS/CE20131218SSD/CE20131218SSD_shp.zip,geodata-of-minkaman-idp-site-awerial-county-lakes-state-south-sudan-july-15-2014,data/CE20131218SSD_shp.zip
0,359,b1f7f880-2eff-4fa7-90a4-9b522725af7d,http://cern.ch/unosat-maps/SS/CE20131218SSD/CE20131218SSD.gdb.zip,geodata-of-minkaman-idp-site-awerial-county-lakes-state-south-sudan-july-15-2014,data/CE20131218SSD.gdb.zip
21,126,980915df-0a3e-473b-919b-01e04d09cfd8,http://unosat-maps.web.cern.ch/unosat-maps/CF/CE20131212CAF/CE20131212CAF_shp.zip,geodata-of-damage-assessment-in-marcounda-sub-prefecture-central-african-repu-july-08-2014,data/CE20131212CAF_shp.zip
0,558,f5e99ae2-feae-424a-b593-68ac7c58103c,http://unosat-maps.web.cern.ch/unosat-maps/CF/CE20131212CAF/CE20131212CAF.gdb.zip,geodata-of-damage-assessment-in-marcounda-sub-prefecture-central-african-repu-july-08-2014,data/CE20131212CAF.gdb.zip
7,35,2998b47a-d3b1-421c-9c5d-35eb7d5c931e,http://unosat-maps.web.cern.ch/unosat-maps/SO/CE20130710SOM/CE20130710SOM_GalkayoKismayoLuuq_shp.zip,geodata-of-idp-settlements-and-shelters-in-kismayo-lower-juba-somalia-july-03-2014,data/CE20130710SOM_GalkayoKismayoLuuq_shp.zip
,,57d8a677-aa39-4a7b-a5a1-fbc522d71936,ttp://unosat-maps.web.cern.ch/unosat-maps/SO/CE20130710SOM/CE20130710SOM_GalkayoKismayoLuuq_gdb.gdb.zip,geodata-of-idp-settlements-and-shelters-in-kismayo-lower-juba-somalia-july-03-2014,data/CE20130710SOM_GalkayoKismayoLuuq_gdb.gdb.zip
21,126,d98f1b00-f124-4774-9d97-0a62b8782c6b,http://cern.ch/unosat-maps/CF/CE20131212CAF/CE20131212CAF_shp.zip,geodata-of-damage-assesment-in-bangui-central-african-republic-july-02-2014,data/CE20131212CAF_shp.zip
0,558,d4b9417e-1ee8-4626-a41d-1ba1c9a52bcf,http://cern.ch/unosat-maps/CF/CE20131212CAF/CE20131212CAF.gdb.zip,geodata-of-damage-assesment-in-bangui-central-african-republic-july-02-2014,data/CE20131212CAF.gdb.zip
7,35,edf98941-f3f3-4567-b225-f33930d18c7f,http://unosat-maps.web.cern.ch/unosat-maps/SO/CE20130710SOM/CE20130710SOM_GalkayoKismayoLuuq_shp.zip,geodata-of-idp-settlements-and-shelters-in-luuq-gedo-province-somalia-june-30-2014,data/CE20130710SOM_GalkayoKismayoLuuq_shp.zip
0,147,862ae5c6-bdef-4285-a8d7-f5b091b80d31,http://unosat-maps.web.cern.ch/unosat-maps/SO/CE20130710SOM/CE20130710SOM_GalkayoKismayoLuuq_gdb.gdb.zip,geodata-of-idp-settlements-and-shelters-in-luuq-gedo-province-somalia-june-30-2014,data/CE20130710SOM_GalkayoKismayoLuuq_gdb.gdb.zip
21,126,f0accd9f-9840-497b-8bf6-31ffd7e6226f,http://unosat-maps.web.cern.ch/unosat-maps/CF/CE20131212CAF/CE20131212CAF_shp.zip,geodata-of-idp-settlement-mpoko-airport-bangui-central-african-republic-june-26-2014,data/CE20131212CAF_shp.zip
0,558,24570a46-a25c-44fb-b49b-1195affb5262,http://unosat-maps.web.cern.ch/unosat-maps/CF/CE20131212CAF/CE20131212CAF.gdb.zip,geodata-of-idp-settlement-mpoko-airport-bangui-central-african-republic-june-26-2014,data/CE20131212CAF.gdb.zip
21,126,80d537ea-71e9-432a-b450-0fb99dd651d6,http://unosat-maps.web.cern.ch/unosat-maps/CF/CE20131212CAF/CE20131212CAF_shp.zip,geodata-of-damage-assessment-in-paoua-ouhampende-central-african-republic-june-23-2014,data/CE20131212CAF_shp.zip
0,558,dc1c59bb-339e-4334-a19c-e3eebfbf0c78,http://unosat-maps.web.cern.ch/unosat-maps/CF/CE20131212CAF/CE20131212CAF.gdb.zip,geodata-of-damage-assessment-in-paoua-ouhampende-central-african-republic-june-23-2014,data/CE20131212CAF.gdb.zip
21,126,d6211b6b-cfe3-4b48-8f46-993e73225ed3,http://unosat-maps.web.cern.ch/unosat-maps/CF/CE20131212CAF/CE20131212CAF_shp.zip,geodata-of-sido-refugee-camp-moyen-chari-region-republic-of-chad-june-19-2014,data/CE20131212CAF_shp.zip
0,558,761ca878-c07d-4ecc-9d4a-b5e213d81540,http://unosat-maps.web.cern.ch/unosat-maps/CF/CE20131212CAF/CE20131212CAF.gdb.zip,geodata-of-sido-refugee-camp-moyen-chari-region-republic-of-chad-june-19-2014,data/CE20131212CAF.gdb.zip
7,35,93fd8ed5-c4b6-43ba-94b3-2626bd4bd35c,http://unosat-maps.web.cern.ch/unosat-maps/CD/CE20131107COD/CE20131107COD_shp.zip,geodata-of-idp-settlement-in-boga-province-orientale-democratic-republic-of-c-june-03-2014,data/CE20131107COD_shp.zip
0,95,43fbf695-696c-492e-a7f2-9bca61a5bc83,http://unosat-maps.web.cern.ch/unosat-maps/CD/CE20131107COD/CE20131107COD.gdb.zip,geodata-of-idp-settlement-in-boga-province-orientale-democratic-republic-of-c-june-03-2014,data/CE20131107COD.gdb.zip
7,35,d9222cf0-9c49-4e1f-bc86-53f7ed12daa9,http://unosat-maps.web.cern.ch/unosat-maps/CD/CE20131107COD/CE20131107COD_shp.zip,geodata-of-idp-settlement-in-west-geti-province-orientale-democratic-republic-june-03-2014,data/CE20131107COD_shp.zip
0,95,b37b35bd-a141-427b-8893-4df4fc00daef,http://unosat-maps.web.cern.ch/unosat-maps/CD/CE20131107COD/CE20131107COD.gdb.zip,geodata-of-idp-settlement-in-west-geti-province-orientale-democratic-republic-june-03-2014,data/CE20131107COD.gdb.zip
7,35,516524ea-76fc-414b-8d89-66c0498226d8,http://unosat-maps.web.cern.ch/unosat-maps/CD/CE20131107COD/CE20131107COD_shp.zip,geodata-of-idp-settlement-in-kamatsi-province-orientale-democratic-republic-o-june-03-2014,data/CE20131107COD_shp.zip
0,95,034b7169-601f-4526-861c-15c53274c7ee,http://unosat-maps.web.cern.ch/unosat-maps/CD/CE20131107COD/CE20131107COD.gdb.zip,geodata-of-idp-settlement-in-kamatsi-province-orientale-democratic-republic-o-june-03-2014,data/CE20131107COD.gdb.zip
21,126,6c436d26-4a70-405b-a440-f3aa76fecbaf,http://unosat-maps.web.cern.ch/unosat-maps/CF/CE20131212CAF/CE20131212CAF_shp.zip,geodata-of-sido-refugee-camp-moyen-chari-region-republic-of-chad-june-03-2014,data/CE20131212CAF_shp.zip
0,558,7409f159-fce7-4cf9-a87a-ca8854591ee8,http://unosat-maps.web.cern.ch/unosat-maps/CF/CE20131212CAF/CE20131212CAF.gdb.zip,geodata-of-sido-refugee-camp-moyen-chari-region-republic-of-chad-june-03-2014,data/CE20131212CAF.gdb.zip
3,15,b2758e25-4a46-4e4b-a393-537d35a1ce06,http://unosat-maps.web.cern.ch/unosat-maps/SO/CE20130710SOM/CE20130710SOM_Galkayo_shp.zip,geodata-of-idp-shelters-detected-north-of-galkayo-somalia-may-27-2014,data/CE20130710SOM_Galkayo_shp.zip
0,90,a59e8e2f-9750-4259-a760-fefcffa0ce5f,http://unosat-maps.web.cern.ch/unosat-maps/SO/CE20130710SOM/CE20130710SOM_Galkayo_gdb.zip,geodata-of-idp-shelters-detected-north-of-galkayo-somalia-may-27-2014,data/CE20130710SOM_Galkayo_gdb.zip
14,84,6a4dddb3-2f16-4025-8068-7b1ccedb7b72,http://unosat-maps.web.cern.ch/unosat-maps/AF/FL20140430AFG/FL20140430AFG_shp.zip,geodata-of-flood-waters-over-kulukh-tapah-kunduz-province-afghanistan-may-13-2014,data/FL20140430AFG_shp.zip
0,188,47f14e67-a8e5-484e-ab5e-2cd5e450e6aa,http://unosat-maps.web.cern.ch/unosat-maps/AF/FL20140430AFG/FL20140430AFG.gdb.zip,geodata-of-flood-waters-over-kulukh-tapah-kunduz-province-afghanistan-may-13-2014,data/FL20140430AFG.gdb.zip
14,84,0109e427-a721-4cf7-97d4-4b45d8fd3a05,http://unosat-maps.web.cern.ch/unosat-maps/AF/FL20140430AFG/FL20140430AFG_shp.zip,geodata-of-landslide-in-ab-barek-badakshan-province-afghanistan-may-08-2014,data/FL20140430AFG_shp.zip
0,188,b543ecc1-2f9d-41cc-a247-c23adb76e491,http://unosat-maps.web.cern.ch/unosat-maps/AF/FL20140430AFG/FL20140430AFG.gdb.zip,geodata-of-landslide-in-ab-barek-badakshan-province-afghanistan-may-08-2014,data/FL20140430AFG.gdb.zip
14,84,6888f50f-697c-40ce-bbe4-3651eacde8f7,http://unosat-maps.web.cern.ch/unosat-maps/AF/FL20140430AFG/FL20140430AFG_shp.zip,geodata-of-inundation-near-sar-e-pol-sar-e-pol-province-afghanistan-may-07-2014,data/FL20140430AFG_shp.zip
0,188,7d3c2873-abb9-435f-9ca7-4fed55b81834,http://unosat-maps.web.cern.ch/unosat-maps/AF/FL20140430AFG/FL20140430AFG.gdb.zip,geodata-of-inundation-near-sar-e-pol-sar-e-pol-province-afghanistan-may-07-2014,data/FL20140430AFG.gdb.zip
14,84,6fe37264-02bf-45a1-b677-3231137d7deb,http://unosat-maps.web.cern.ch/unosat-maps/AF/FL20140430AFG/FL20140430AFG_shp.zip,geodata-of-flood-waters-over-khwaja-du-koh-jawzjan-province-afghanistan-may-07-2014,data/FL20140430AFG_shp.zip
0,188,0f3dde57-928e-426c-aa1e-41a7d47f45e2,http://unosat-maps.web.cern.ch/unosat-maps/AF/FL20140430AFG/FL20140430AFG.gdb.zip,geodata-of-flood-waters-over-khwaja-du-koh-jawzjan-province-afghanistan-may-07-2014,data/FL20140430AFG.gdb.zip
14,84,0c479f36-0721-41a4-b45f-075213947e14,http://unosat-maps.web.cern.ch/unosat-maps/AF/FL20140430AFG/FL20140430AFG_shp.zip,geodata-of-estimated-rainfall-accumulation-from-30-april-to-06-may-2014-afgha-may-06-2014,data/FL20140430AFG_shp.zip
0,188,70c6e473-2c86-411d-b29f-ed01f430e729,http://unosat-maps.web.cern.ch/unosat-maps/AF/FL20140430AFG/FL20140430AFG.gdb.zip,geodata-of-estimated-rainfall-accumulation-from-30-april-to-06-may-2014-afgha-may-06-2014,data/FL20140430AFG.gdb.zip
14,84,9ef23583-64a7-41a8-9709-7273e1e1ca31,http://unosat-maps.web.cern.ch/unosat-maps/AF/FL20140430AFG/FL20140430AFG_shp.zip,geodata-of-landslide-in-ab-barek-badakshan-province-afghanistan-may-04-2014,data/FL20140430AFG_shp.zip
0,188,6c9d1688-a5b0-4fed-b72e-5ca7f4801efc,http://unosat-maps.web.cern.ch/unosat-maps/AF/FL20140430AFG/FL20140430AFG.gdb.zip,geodata-of-landslide-in-ab-barek-badakshan-province-afghanistan-may-04-2014,data/FL20140430AFG.gdb.zip
14,84,7bbdb220-fad9-40c6-b68c-eaa638713355,http://unosat-maps.web.cern.ch/unosat-maps/AF/FL20140430AFG/FL20140430AFG_shp.zip,geodata-of-inundation-near-sar-e-pol-sar-e-pol-province-afghanistan-may-02-2014,data/FL20140430AFG_shp.zip
0,188,639f0bc4-a0ca-4c20-8272-e94a39002d50,http://unosat-maps.web.cern.ch/unosat-maps/AF/FL20140430AFG/FL20140430AFG.gdb.zip,geodata-of-inundation-near-sar-e-pol-sar-e-pol-province-afghanistan-may-02-2014,data/FL20140430AFG.gdb.zip
1,6,9469e81b-b3af-41ef-a03e-308bb4ce4c79,http://unosat-maps.web.cern.ch/unosat-maps/SY/CE20130604SYR/Azraq_20140426_shp.zip,geodata-of-al-azraq-refugee-camp-az-zarqa-governorate-jordan-may-02-2014,data/Azraq_20140426_shp.zip
0,99,1efc0100-1b2e-40fb-a36f-4beb69bd9cfc,http://unosat-maps.web.cern.ch/unosat-maps/SY/CE20130604SYR/Azraq_20130616.gdb.zip,geodata-of-al-azraq-refugee-camp-az-zarqa-governorate-jordan-may-02-2014,data/Azraq_20130616.gdb.zip
14,84,119352ea-5b6f-42ba-9bf0-24a6bb9fbae5,http://unosat-maps.web.cern.ch/unosat-maps/AF/FL20140430AFG/FL20140430AFG_shp.zip,geodata-of-flood-waters-and-inundation-near-khwaja-du-koh-jawzjan-province-af-may-01-2014,data/FL20140430AFG_shp.zip
0,188,b81134f9-0e43-4c77-ace5-0855f3fca4d6,http://unosat-maps.web.cern.ch/unosat-maps/AF/FL20140430AFG/FL20140430AFG.gdb.zip,geodata-of-flood-waters-and-inundation-near-khwaja-du-koh-jawzjan-province-af-may-01-2014,data/FL20140430AFG.gdb.zip
2,12,3d92d9f8-092a-42db-b89d-3dd6133e0424,http://unosat-maps.web.cern.ch/unosat-maps/SY/CE20130604SYR/Al_Zaatari_20140406_shp.zip,geodata-of-al-zaatari-refugee-camp-mafraq-governorate-jordan-may-01-2014,data/Al_Zaatari_20140406_shp.zip
0,221,69c0bbc7-dfdc-485d-b5d6-12c12d0758ce,http://unosat-maps.web.cern.ch/unosat-maps/SY/CE20130604SYR/Al_Zaatari_20140406.gdb.zip,geodata-of-al-zaatari-refugee-camp-mafraq-governorate-jordan-may-01-2014,data/Al_Zaatari_20140406.gdb.zip
14,84,a00996b5-039f-48f1-abcc-4b8799ec4e6f,http://unosat-maps.web.cern.ch/unosat-maps/AF/FL20140430AFG/FL20140430AFG_shp.zip,geodata-of-flood-waters-over-khwaja-du-koh-jawzjan-province-afghanistan-may-01-2014,data/FL20140430AFG_shp.zip
0,188,eeebeff6-dfe1-4f8a-9314-a3d43cee1e15,http://unosat-maps.web.cern.ch/unosat-maps/AF/FL20140430AFG/FL20140430AFG.gdb.zip,geodata-of-flood-waters-over-khwaja-du-koh-jawzjan-province-afghanistan-may-01-2014,data/FL20140430AFG.gdb.zip
2,10,c35ee53d-6404-4126-8f28-83f046c1cd3d,http://unosat-maps.web.cern.ch/unosat-maps/SO/CE20130710SOM/Kismayo_shp.zip,geodata-of-idp-settlements-and-shelters-in-kismayo-lower-juba-somalia-april-30-2014,data/Kismayo_shp.zip
0,104,554d8332-b632-4d33-a16e-b15b573a2b41,http://unosat-maps.web.cern.ch/unosat-maps/SO/CE20130710SOM/CE20130710SOM_Kismayo.gdb.zip,geodata-of-idp-settlements-and-shelters-in-kismayo-lower-juba-somalia-april-30-2014,data/CE20130710SOM_Kismayo.gdb.zip
16,96,0869eaa4-3580-4342-af95-d6fa0595dfce,http://unosat-maps.web.cern.ch/unosat-maps/SS/CE20131218SSD/CE20131218SSD_shp.zip,geodata-of-damage-assesment-in-the-city-of-malakal-upper-nile-state-south-sud-march-21-2014,data/CE20131218SSD_shp.zip
0,359,c5c8fc0f-075c-42f6-814e-932dc9bdd01f,http://unosat-maps.web.cern.ch/unosat-maps/SS/CE20131218SSD/CE20131218SSD.gdb.zip,geodata-of-damage-assesment-in-the-city-of-malakal-upper-nile-state-south-sud-march-21-2014,data/CE20131218SSD.gdb.zip
10,60,01f45b9b-8800-49b4-98c3-e2f418b46a67,http://unosat-maps.web.cern.ch/unosat-maps/SO/CE20130710SOM/CE20130710SOM_shp.zip,geodata-of-idp-shelter-changes-in-kismayo-somalia-between-11-august-2013-05-m-march-18-2014,data/CE20130710SOM_shp.zip
0,516,92332a27-e8eb-4038-8d4d-b3a6029a8d04,http://unosat-maps.web.cern.ch/unosat-maps/SO/CE20130710SOM/CE20130710SOM.gdb.zip,geodata-of-idp-shelter-changes-in-kismayo-somalia-between-11-august-2013-05-m-march-18-2014,data/CE20130710SOM.gdb.zip
10,60,1216c0a9-bf4b-46cb-8f7c-14c94eb7bc9f,http://unosat-maps.web.cern.ch/unosat-maps/SO/CE20130710SOM/CE20130710SOM_shp.zip,geodata-of-idp-shelter-changes-in-baidoa-somalia-between-21-august-2013-and-0-march-18-2014,data/CE20130710SOM_shp.zip
0,516,4c4b7654-b2c9-4aba-8558-2480416c5599,http://unosat-maps.web.cern.ch/unosat-maps/SO/CE20130710SOM/CE20130710SOM.gdb.zip,geodata-of-idp-shelter-changes-in-baidoa-somalia-between-21-august-2013-and-0-march-18-2014,data/CE20130710SOM.gdb.zip
21,126,cb9d35d1-c435-4da9-9038-367e0dd45a26,http://unosat-maps.web.cern.ch/unosat-maps/CF/CE20131212CAF/CE20131212CAF_shp.zip,geodata-of-destruction-in-bossangoa-area-ouham-central-african-republic-march-14-2014,data/CE20131212CAF_shp.zip
0,558,7d803b1f-71b1-443c-93a6-4f57dab983cf,http://unosat-maps.web.cern.ch/unosat-maps/CF/CE20131212CAF/CE20131212CAF.gdb.zip,geodata-of-destruction-in-bossangoa-area-ouham-central-african-republic-march-14-2014,data/CE20131212CAF.gdb.zip
21,126,0b1b802d-aa49-4839-83ba-2dd54bc74bab,http://unosat-maps.web.cern.ch/unosat-maps/CF/CE20131212CAF/CE20131212CAF_shp.zip,geodata-of-damage-assesment-in-bouar-nana-membere-province-central-african-re-march-14-2014,data/CE20131212CAF_shp.zip
0,558,60cc2eab-bd47-42c1-850a-3fbfb567867c,http://unosat-maps.web.cern.ch/unosat-maps/CF/CE20131212CAF/CE20131212CAF.gdb.zip,geodata-of-damage-assesment-in-bouar-nana-membere-province-central-african-re-march-14-2014,data/CE20131212CAF.gdb.zip
21,126,b76189dc-f775-41f0-a55f-d1d32967ac50,http://unosat-maps.web.cern.ch/unosat-maps/CF/CE20131212CAF/CE20131212CAF_shp.zip,geodata-of-damage-assesment-in-bangui-central-african-republic-march-07-2014,data/CE20131212CAF_shp.zip
0,558,7ddd2f3d-a55d-44b7-aca7-8bc029b353f6,http://unosat-maps.web.cern.ch/unosat-maps/CF/CE20131212CAF/CE20131212CAF.gdb.zip,geodata-of-damage-assesment-in-bangui-central-african-republic-march-07-2014,data/CE20131212CAF.gdb.zip
16,96,5850436d-da26-4a58-9f61-c7f6014d4a76,http://unosat-maps.web.cern.ch/unosat-maps/SS/CE20131218SSD/CE20131218SSD_shp.zip,geodata-of-idp-settlements-in-wau-shilluk-upper-nile-state-south-sudan-february-24-2014,data/CE20131218SSD_shp.zip
0,359,89138e2a-550f-47be-8292-e0862051699d,http://unosat-maps.web.cern.ch/unosat-maps/SS/CE20131218SSD/CE20131218SSD.gdb.zip,geodata-of-idp-settlements-in-wau-shilluk-upper-nile-state-south-sudan-february-24-2014,data/CE20131218SSD.gdb.zip
16,96,c1ff13c7-8b28-45ae-851a-23609b071792,http://unosat-maps.web.cern.ch/unosat-maps/SS/CE20131218SSD/CE20131218SSD_shp.zip,geodata-of-idp-structures-in-wau-shilluk-upper-nile-state-south-sudan-february-24-2014,data/CE20131218SSD_shp.zip
0,359,311252cb-c700-480d-8617-badc63d8b9fe,http://unosat-maps.web.cern.ch/unosat-maps/SS/CE20131218SSD/CE20131218SSD.gdb.zip,geodata-of-idp-structures-in-wau-shilluk-upper-nile-state-south-sudan-february-24-2014,data/CE20131218SSD.gdb.zip
9,45,5d43fe1b-31c1-4167-b769-2e3af6a4974f,http://unosat-maps.web.cern.ch/unosat-maps/ZW/FL20140207ZWE/FL20140207ZWE_shp.zip,geodata-of-flood-water-over-tokwe-mukorsi-dam-masvingo-province-zimbabwe-february-19-2014,data/FL20140207ZWE_shp.zip
9,45,16ab8925-42bf-4140-984e-9389a7e893f8,http://unosat-maps.web.cern.ch/unosat-maps/ZW/FL20140207ZWE/FL20140207ZWE_shp.zip,geodata-of-flood-water-over-tokwe-mukorsi-dam-masvingo-province-zimbabwe-february-11-2014,data/FL20140207ZWE_shp.zip
16,96,7ed6a32a-138f-4e64-90fa-9ab071c1d2c2,http://unosat-maps.web.cern.ch/unosat-maps/SS/CE20131218SSD/CE20131218SSD_shp.zip,geodata-of-destruction-in-leer-unity-state-south-sudan-february-07-2014,data/CE20131218SSD_shp.zip
0,359,069a2459-a255-4863-b1b3-a655e5425a47,http://unosat-maps.web.cern.ch/unosat-maps/SS/CE20131218SSD/CE20131218SSD.gdb.zip,geodata-of-destruction-in-leer-unity-state-south-sudan-february-07-2014,data/CE20131218SSD.gdb.zip
2,12,456390f8-34ec-47e4-b7ac-e959225c2260,http://unosat-maps.web.cern.ch/unosat-maps/SY/CE20130604SYR/Al_Zaatari_20140107_shp.zip,geodata-of-al-zaatari-refugee-camp-mafraq-governorate-jordan-february-03-2014,data/Al_Zaatari_20140107_shp.zip
0,221,489d07be-5611-4338-aa4b-99645e972032,http://unosat-maps.web.cern.ch/unosat-maps/SY/CE20130604SYR/Al_Zaatari_20140107.gdb.zip,geodata-of-al-zaatari-refugee-camp-mafraq-governorate-jordan-february-03-2014,data/Al_Zaatari_20140107.gdb.zip
16,96,7d0afcf1-54fa-4e7e-a346-060eb5510b71,http://unosat-maps.web.cern.ch/unosat-maps/SS/CE20131218SSD/CE20131218SSD_shp.zip,geodata-of-idp-camp-expansion-in-unmiss-base-juba-airport-south-sudan-january-31-2014,data/CE20131218SSD_shp.zip
0,359,7e6a0fd2-9221-4302-91e2-13426da9147b,http://unosat-maps.web.cern.ch/unosat-maps/SS/CE20131218SSD/CE20131218SSD.gdb.zip,geodata-of-idp-camp-expansion-in-unmiss-base-juba-airport-south-sudan-january-31-2014,data/CE20131218SSD.gdb.zip
21,126,4d5f4d17-8b6a-44d4-afd4-baa1f0e5adde,http://unosat-maps.web.cern.ch/unosat-maps/CF/CE20131212CAF/CE20131212CAF_shp.zip,geodata-of-idp-settlement-m-poko-airport-bangui-central-african-republic-january-24-2014,data/CE20131212CAF_shp.zip
0,558,ca701964-b1e1-40e4-97f4-8b68f842badf,http://unosat-maps.web.cern.ch/unosat-maps/CF/CE20131212CAF/CE20131212CAF.gdb.zip,geodata-of-idp-settlement-m-poko-airport-bangui-central-african-republic-january-24-2014,data/CE20131212CAF.gdb.zip
16,96,c9dbe63a-0484-4f05-8a92-2b258370743a,http://unosat-maps.web.cern.ch/unosat-maps/SS/CE20131218SSD/CE20131218SSD_shp.zip,geodata-of-damage-assesment-in-the-city-of-malakal-upper-nile-state-south-sud-january-24-2014,data/CE20131218SSD_shp.zip
0,359,88ff9886-6587-4c8e-8772-96e78a1c0051,http://unosat-maps.web.cern.ch/unosat-maps/SS/CE20131218SSD/CE20131218SSD.gdb.zip,geodata-of-damage-assesment-in-the-city-of-malakal-upper-nile-state-south-sud-january-24-2014,data/CE20131218SSD.gdb.zip
16,96,edcf7d5e-0401-4e22-8c2f-b44fdded3cc1,http://unosat-maps.web.cern.ch/unosat-maps/SS/CE20131218SSD/CE20131218SSD_shp.zip,geodata-of-destruction-in-mayom-unity-state-south-sudan-january-21-2014,data/CE20131218SSD_shp.zip
0,359,e2f20360-51ee-4de6-bc88-c3b8bbff7f43,http://unosat-maps.web.cern.ch/unosat-maps/SS/CE20131218SSD/CE20131218SSD.gdb.zip,geodata-of-destruction-in-mayom-unity-state-south-sudan-january-21-2014,data/CE20131218SSD.gdb.zip
16,96,923ea982-47ac-41ec-975f-112b544d404d,http://unosat-maps.web.cern.ch/unosat-maps/SS/CE20131218SSD/CE20131218SSD_shp.zip,geodata-of-damage-assesment-in-the-city-of-bor-jonglei-state-south-sudan-january-21-2014,data/CE20131218SSD_shp.zip
0,359,92e1e89f-cef4-49e3-9048-d52d3bffa97e,http://unosat-maps.web.cern.ch/unosat-maps/SS/CE20131218SSD/CE20131218SSD.gdb.zip,geodata-of-damage-assesment-in-the-city-of-bor-jonglei-state-south-sudan-january-21-2014,data/CE20131218SSD.gdb.zip
16,96,62bbc4cb-5607-4ee6-b2af-919924bfec14,http://unosat-maps.web.cern.ch/unosat-maps/SS/CE20131218SSD/CE20131218SSD_shp.zip,geodata-of-idp-camp-expansion-in-unmiss-base-juba-airport-south-sudan-january-20-2014,data/CE20131218SSD_shp.zip
0,359,54e047a7-b5af-4ef4-b265-b42eff4d1197,http://unosat-maps.web.cern.ch/unosat-maps/SS/CE20131218SSD/CE20131218SSD.gdb.zip,geodata-of-idp-camp-expansion-in-unmiss-base-juba-airport-south-sudan-january-20-2014,data/CE20131218SSD.gdb.zip
16,96,188d65cd-3e07-424b-b4f4-15f898db3170,http://unosat-maps.web.cern.ch/unosat-maps/SS/CE20131218SSD/CE20131218SSD_shp.zip,geodata-of-idp-camp-in-unmiss-malakal-base-malakal-south-sudan-january-20-2014,data/CE20131218SSD_shp.zip
0,359,1e83a316-33bd-4e64-afad-0f0664406346,http://unosat-maps.web.cern.ch/unosat-maps/SS/CE20131218SSD/CE20131218SSD.gdb.zip,geodata-of-idp-camp-in-unmiss-malakal-base-malakal-south-sudan-january-20-2014,data/CE20131218SSD.gdb.zip
16,96,caa4bc19-4ae5-44ce-a47b-608e0c1b0d1e,http://unosat-maps.web.cern.ch/unosat-maps/SS/CE20131218SSD/CE20131218SSD_shp.zip,geodata-of-damage-assessment-in-the-city-of-bentiu-unity-state-south-sudan-january-18-2014,data/CE20131218SSD_shp.zip
0,359,18dd6ec8-e726-4520-852f-f85d9903928d,http://unosat-maps.web.cern.ch/unosat-maps/SS/CE20131218SSD/CE20131218SSD.gdb.zip,geodata-of-damage-assessment-in-the-city-of-bentiu-unity-state-south-sudan-january-18-2014,data/CE20131218SSD.gdb.zip
5,35,0ee0763e-1af3-437e-9399-abc5e910dcd5,http://unosat-maps.web.cern.ch/unosat-maps/SY/CE20130604SYR/Azraq_20131228_shp.zip,geodata-of-2-al-azraq-refugee-camp-az-zarqa-governorate-jordan-january-17-2014,data/Azraq_20131228_shp.zip
0,173,43f43bb2-3073-4f7d-af2f-3527dbeb5a69,http://unosat-maps.web.cern.ch/unosat-maps/SY/CE20130604SYR/Azraq_20131228_gdb.zip,geodata-of-2-al-azraq-refugee-camp-az-zarqa-governorate-jordan-january-17-2014,data/Azraq_20131228_gdb.zip
16,96,ad61bf77-9385-42d1-982d-790352c67b62,http://unosat-maps.web.cern.ch/unosat-maps/SS/CE20131218SSD/CE20131218SSD_shp.zip,geodata-of-destruction-in-rubkona-unity-state-south-sudan-january-16-2014,data/CE20131218SSD_shp.zip
0,359,7977e502-3f63-4999-8ebd-88f143226be0,http://unosat-maps.web.cern.ch/unosat-maps/SS/CE20131218SSD/CE20131218SSD.gdb.zip,geodata-of-destruction-in-rubkona-unity-state-south-sudan-january-16-2014,data/CE20131218SSD.gdb.zip
16,96,08e2bf6b-d137-4375-81c4-fa5c1da04a47,http://unosat-maps.web.cern.ch/unosat-maps/SS/CE20131218SSD/CE20131218SSD_shp.zip,geodata-of-idp-camp-in-unmiss-rubkona-base-rubkona-south-sudan-january-15-2014,data/CE20131218SSD_shp.zip
0,359,dc7c3247-da3c-4990-a868-41218503c13d,http://unosat-maps.web.cern.ch/unosat-maps/SS/CE20131218SSD/CE20131218SSD.gdb.zip,geodata-of-idp-camp-in-unmiss-rubkona-base-rubkona-south-sudan-january-15-2014,data/CE20131218SSD.gdb.zip
12,60,393212ae-ea39-446f-9177-d25e7537f205,http://unosat-maps.web.cern.ch/unosat-maps/SS/OT20130511SSD/OT20130511SSD_SHP.zip,geodata-of-doro-refugee-camp-maban-county-upper-nile-state-south-sudan-january-15-2014,data/OT20130511SSD_SHP.zip
0,213,596ab0b4-b221-4c39-92e7-10e1dfeb71e2,http://unosat-maps.web.cern.ch/unosat-maps/SS/OT20130511SSD/OT20130511SSD.gdb.zip,geodata-of-doro-refugee-camp-maban-county-upper-nile-state-south-sudan-january-15-2014,data/OT20130511SSD.gdb.zip
12,60,7b6e4232-3f6b-4829-ac98-20c7b3ae7844,http://unosat-maps.web.cern.ch/unosat-maps/SS/OT20130511SSD/OT20130511SSD_SHP.zip,geodata-of-ajuong-thok-refugee-camp-pariang-county-unity-state-south-sudan-january-13-2014,data/OT20130511SSD_SHP.zip
0,213,2de69c29-88c3-46a2-a755-d9e43f3a72e0,http://unosat-maps.web.cern.ch/unosat-maps/SS/OT20130511SSD/OT20130511SSD.gdb.zip,geodata-of-ajuong-thok-refugee-camp-pariang-county-unity-state-south-sudan-january-13-2014,data/OT20130511SSD.gdb.zip
12,60,800df77e-c8bf-4442-87e1-2635ec91f20b,http://unosat-maps.web.cern.ch/unosat-maps/SS/OT20130511SSD/OT20130511SSD_SHP.zip,geodata-of-batil-refugee-camp-maban-county-upper-nile-state-south-sudan-january-13-2014,data/OT20130511SSD_SHP.zip
0,213,10943096-0b7d-4abc-b42a-973d160dc98d,http://unosat-maps.web.cern.ch/unosat-maps/SS/OT20130511SSD/OT20130511SSD.gdb.zip,geodata-of-batil-refugee-camp-maban-county-upper-nile-state-south-sudan-january-13-2014,data/OT20130511SSD.gdb.zip
12,60,31bf9286-56ff-4159-bf87-8a6d928e1ce1,http://unosat-maps.web.cern.ch/unosat-maps/SS/OT20130511SSD/OT20130511SSD_SHP.zip,geodata-of-gendrasa-refugee-camp-maban-county-upper-nile-state-south-sudan-january-13-2014,data/OT20130511SSD_SHP.zip
0,213,b647eac8-f0f8-47be-a17f-29bc52980577,http://unosat-maps.web.cern.ch/unosat-maps/SS/OT20130511SSD/OT20130511SSD.gdb.zip,geodata-of-gendrasa-refugee-camp-maban-county-upper-nile-state-south-sudan-january-13-2014,data/OT20130511SSD.gdb.zip
3,15,b9d690be-bbf4-4b00-afac-ba40a7ff8f7d,http://unosat-maps.web.cern.ch/unosat-maps/SY/CE20130604SYR/Domiz_20131225_SHP.zip,geodata-of-domiz-refugee-camp-duhok-governorate-iraq-january-10-2014,data/Domiz_20131225_SHP.zip
0,109,5e1d5bf1-3951-478a-b36e-e98e5b6e9322,http://unosat-maps.web.cern.ch/unosat-maps/SY/CE20130604SYR/Domiz_20131225.gdb.zip,geodata-of-domiz-refugee-camp-duhok-governorate-iraq-january-10-2014,data/Domiz_20131225.gdb.zip
16,96,4d824077-4e18-4a1f-8628-20e660873730,http://unosat-maps.web.cern.ch/unosat-maps/SS/CE20131218SSD/CE20131218SSD_shp.zip,geodata-of-idp-camp-in-unmiss-rubkona-base-rubkona-south-sudan-january-09-2014,data/CE20131218SSD_shp.zip
0,359,b0fba4d2-43ff-4f53-aaee-40ccfe194c4b,http://unosat-maps.web.cern.ch/unosat-maps/SS/CE20131218SSD/CE20131218SSD.gdb.zip,geodata-of-idp-camp-in-unmiss-rubkona-base-rubkona-south-sudan-january-09-2014,data/CE20131218SSD.gdb.zip
16,96,d52482a0-b218-4ff9-82b3-b994e4905f12,http://unosat-maps.web.cern.ch/unosat-maps/SS/CE20131218SSD/CE20131218SSD_shp.zip,geodata-of-idp-camp-expansion-in-unmiss-base-juba-airport-south-sudan-january-09-2014,data/CE20131218SSD_shp.zip
0,359,69b634d6-2dd1-490f-85ff-ea22a707f51c,http://unosat-maps.web.cern.ch/unosat-maps/SS/CE20131218SSD/CE20131218SSD.gdb.zip,geodata-of-idp-camp-expansion-in-unmiss-base-juba-airport-south-sudan-january-09-2014,data/CE20131218SSD.gdb.zip
